V1,V2,V3,V4,V5,V6,V7,V8,V9,V10,random,Consent,2,3,4,5,6,7,8,9,10,11,12,13,14,15,16,17,18,19,21,22,23,24,25,26,27,28,29,30,31,32,33,34,35,36,37,38,39,40,41,42,43,44,45,46,47,48,49,50,51,52,53,54,55,56,57,58,59,60,61,62,63,64,65,66,67,68,69,70,71,72,73,74,75,76,77,78,79,80,81,82,83,84,85,86,87,88,89,90,91,92,93,94,95,96,97,98,99,100,101,102,103,104,105,106,107,108,109,110,111,112,113,114,115,116,117,118,119,120,121,122,123,124,125,126,127,128,129,130,131,132,133,134,135,136,137,138,139,140,141,142,143,144,145,146,147,148,149,150,151,152,153,154,155,156,157,158,159,160,161,162,163,164,165,166,167,168,169,170,171,172,173,DemoInstr,age,gender,ethnicity,ethnicity_TEXT,education,ses,trukID,Code,DO-BL-Questions,LocationLatitude,LocationLongitude,LocationAccuracy
R_0em2GMMe9G7K7Fr,Default Response Set,Anonymous,,,95.208.248.211,0,12/13/2013 19:11,12/13/2013 19:13,1,8448579,1,,,,,,,,,,,,,,,,,,1,,,,,,,,,,,,,,,,,,,,,,,,,,6,,,,,,,,,,,,,,,,,,,,,,,,,,,,,,,,,,,,,,,,,,,,,,,,,,,,,,,,,,,,,,,,7,,,,,,,,,,,,,,,,,,,,,,,,,,,,,,,,,,,,,,7,,,,,,,,,,,,,,,5,,,,,,,,,,,,23,1,3,,5,5,A1UTBDKOQ2MKUD,1,163|46|110|148|19,48.76669312,9.183303833,-1
R_38lpvXgJp6okSTr,Default Response Set,Anonymous,,,24.193.28.84,0,12/13/2013 19:13,12/13/2013 19:15,1,4040390,1,,,,,,,,,,,,,,,,,,,,,,,,,,,,,,,,,,,,,,,,,,,3,,,,,,,,,,,,,,,,,,,,,,,,,,,,,,,,,,,,,,,,,,,,,,,,,,,,,,,,,,,,,,,,,,,,,,,,,,,,,3,,2,,,,,,5,3,,,,,,,,,,,,,,,,,,,,,,,,,,,,,,,,,,,,,,,,,,,,41,1,2,,4,10,A1099JALGGQRRC,1,124|45|131|122|130,40.69830322,-73.88800049,-1
R_0e3nTGZO7H7IaPP,Default Response Set,Anonymous,,,69.59.102.64,0,12/13/2013 19:16,12/13/2013 19:17,1,4103131,1,,,,,,,,,,,5,,,,,,,,,,,,,,2,,,,,,,,,,,,,,,,,,,,,,,,,,,,,,,,,,,,,,,,,,,,,,,,,,,,,,,,,,,,,,,,,,,,,,,,,4,,,,,,,,,,,,,,,,,,,,,,,,,,,,,,,,,,,,,,,,,,,,,,,,,,,,,,,3,,,,,,,,,,,,,,,,,4,,,24,1,5,,5,8,A3RO17UKZ723P8,1,27|172|12|155|100,32.37289429,-81.84429932,-1
R_enyLMsFfae2Qxoh,Default Response Set,Anonymous,,,69.59.102.64,0,12/13/2013 19:16,12/13/2013 19:18,1,7190270,1,,,3,,,,,,,,,,,,,,,2,,,,,,,,,,,,,,,,,,,,,,,,,,,,,,,,,,,,,,,,,,,,,,3,,,,,,,,,,,,,,,,,,,,,,,,,,,,,,,4,,,,,,,,,,,,,,,,,,,,,,,,,,,,,,,,,,,,,,,,,,5,,,,,,,,,,,,,,,,,,,,,,,,,,,,,,,,,,,,52,2,5,,2,6,A2DZAKIE1THA2I,1,19|4|139|66|97,32.37289429,-81.84429932,-1
R_0MSLDRSaJsITnx3,Default Response Set,Anonymous,,,69.59.102.64,0,12/13/2013 19:16,12/13/2013 19:18,1,7011939,1,,,,,,,,,,,,,,,,,,,,,,,,,,,,,,,,,,,4,,,,,,,,,,,,,,,,,2,,,,,,,,,,,,,,,,,,,,,,,,,,,,,,,,,,,,,,,,,,,,,,,,4,,3,,,,,,,,,,,,,,,,,3,,,,,,,,,,,,,,,,,,,,,,,,,,,,,,,,,,,,,,,,,,,,,,,,,,,,,,25,1,5,,5,8,A1CNF7S1U26GKW,1,54|121|37|104|102,32.37289429,-81.84429932,-1
R_a2F9rO2dAV8ht9H,Default Response Set,Anonymous,,,76.224.178.21,0,12/13/2013 19:16,12/13/2013 19:19,1,2538097,1,,,,,,,,,,,,,,,,,,,,,,,5,,,,,,,,,,,,,,,,,,,,,,,,,,,,,2,,,,,,,,,6,,,,,,,,,,,,,,,,,,,,,,,,,,,,,,,,,,,,,,,,,,,,,,,,,,,,,,,,,,,,,,,,,7,,,,,,,,,,,,,7,,,,,,,,,,,,,,,,,,,,,,,,,,,,,,,,,,31,1,5,,5,6,A27PBC5O3Z5ZED,1,128|63|141|25|54,32.63879395,-97.32319641,-1
R_5mv92WH679u3mPb,Default Response Set,Anonymous,,,70.15.189.183,0,12/13/2013 19:17,12/13/2013 19:19,1,2456109,1,,,2,,,,,,,,,,,,,,,,,,,,,,,,,,,,,,,,,,,3,,,,,,,,,,,,,,,,,,,,,,,,,,,,,,,,,,,,,,,6,,,,,,,,6,,,,,,,,,,,,,,,,,,,,,,,,,,,,,,,,,,,,,,,,,,,,,,,,,,,,,,,,,,,,,,,,,,,,1,,,,,,,,,,,,,,,,,,,,23,1,5,,5,9,A2PRCR5SXD6B7X,1,40|155|87|4|79,40.79699707,-77.05380249,-1
R_9HzUNyMb9lcmMC1,Default Response Set,Anonymous,,,76.219.236.215,0,12/13/2013 19:17,12/13/2013 19:20,1,1819358,1,,,,,,,,,,,,,,,,,,,,,,,,,,,,,,,,,,,,,,,,,,,,,,,,,,,,,,4,,,,,,,,,,,,,,,,,,,,,,,,4,,,,,,,,,,,,,,,,,,,,,6,,,,,,,,,,,,,,,,,,,,,,5,,,,,,,,,,,,,,,,,,,,,,4,,,,,,,,,,,,,,,,,,,,,,,,,,,,,,24,1,3,,5,5,A1FKCYWMD3HCXU,1,123|56|145|101|80,33.74009705,-117.8195953,-1
R_9tLfXPm6luRbEJD,Default Response Set,Anonymous,,,207.66.231.161,0,12/13/2013 19:18,12/13/2013 19:20,1,5881249,1,,,,,,,,,,,,,,,,,,,,,,,,,,,,,,,,,,7,,,,,,,,,,,,,,,,,,,,,,,,,,,,,,,3,,,,,,,,,,,,,,,,,,,,,,,,,,,,,,,,,,,,,,,,,,,,,,,,,,,,,,,,,,,,,,,,,,,,,,7,,,,,,,,,,,,,,,,,,,7,,,,,,,,6,,,,,,,,,,,26,1,5,,4,5,A2JLS8VHLTWVP8,1,36|137|67|164|156,47.60620117,-122.3320999,-1
R_4ZRRSSJweTXfuo5,Default Response Set,Anonymous,,,76.25.55.184,0,12/13/2013 19:18,12/13/2013 19:20,1,9821816,1,,,5,,,,,,,,,,,,,,,,,,,,,,,,,,,,,,,,,,,,,,,,,,,,,,,,,,,,,,,,,,,,,,,,,,,4,,,,,,,,,,6,,,,,,,,,,,,,,,,,,,,,,,,,,,,,,,,,,5,,,,,,,,,,,,,,,,,,,,,,,,,,,,,,,,,,,,,,,,,,,,,,,,,,,,,,,,,3,,25,1,5,,4,9,A32DA7RCYB1I7F,1,72|4|116|173|82,39.66029358,-104.7680969,-1
R_bI5Joq7AxVfcCk5,Default Response Set,Anonymous,,,173.79.14.247,0,12/13/2013 19:19,12/13/2013 19:20,1,4194941,1,,,,,,,,,,,,,,4,,,,,,,,,,,,,,,,,,,,6,,,,,,,,,,,,,,,,,,,,,,,,,,,,,,,,,,,,,,,,,,,,,,,,,,5,,,,,,,,,,,,,,,,,,4,,,,,,,,,,,,,,,,,,,,,,,,,,,,7,,,,,,,,,,,,,,,,,,,,,,,,,,,,,,,,,,,,,,,,,,,24,1,5,,5,4,A3JJXEVEPU8V9J,1,36|15|86|132|104,38.96899414,-76.85369873,-1
R_5BXXw4zC9s0MyXj,Default Response Set,Anonymous,,,72.196.194.166,0,12/13/2013 19:19,12/13/2013 19:20,1,4130626,1,,2,,,,,,,,,,,,,,,,,,,,,,,,,,2,,,,,,,,,,,,,,,,,,,,,,,,,,,,,,,,,,,,,,,,,,,,,,,,,,,,,,,,,,,,,,,,,,,,,,,,,,,6,,,,,,,,,6,,,,,,,,,,,,,,,,,,,,,,,,,,,,,,,,,,,,,,,,,,,,,,,,,,,,6,,,,,,,,,22,2,5,,5,4,A159IVBAVPIZ,1,166|105|114|30|3,38.87910461,-77.37660217,-1
R_eUT4oVzIzoD7V9r,Default Response Set,Anonymous,,,66.58.159.29,0,12/13/2013 19:18,12/13/2013 19:21,1,9112003,1,2,,,,,,,,,,,,,,,,,,,,,3,,,,,,7,5,,,,,,,,,,,,,,,,,,,,,,,,,,,,,,,,,,,,,,,,,,,,,,,,,,,,,,,,,,,,,,7,,,,,,,,,,,,,,,,,,,,,,,,,,,,,,,,,,,,,,,,,,,,,,,,,,,,,,,,,,,,,,,,,,,,,,,,,,,,,,,,,,24,1,5,,4,4, A2OTHZBD4L0VWR,1,30|93|31|24|2,61.08070374,-149.7091064,-1
R_9ZI3lQu2zl65WAJ,Default Response Set,Anonymous,,,24.58.67.173,0,12/13/2013 19:19,12/13/2013 19:21,1,5225813,1,,,3,,,,,,,,,5,,,,,,,,,,,,,,,,,,,,,,,,,,,,,,,,,,,,,,,,,,,,,,,,,,,,,,,,,,,,,,,,,,,,,,,,,,,,,,,,,,,,,,,,,,,,,,,,,,,,,,,,,4,,,,,,,,,,,,,,,,,,,,,,,,,,,,,4,,,,,,,,,,,,,,4,,,,,,,,,,,,,23,2,5,,5,7,A2BPBFN87X32NO,1,162|4|119|148|13,43.10090637,-75.23269653,-1
R_00OmNB9I0H264zb,Default Response Set,Anonymous,,,162.229.39.87,0,12/13/2013 19:17,12/13/2013 19:21,1,6538006,1,,2,,,3,,,,,,,,,,,,,,,,,,,,,,,,,,,,,,,,,,,,,,,,,,,,,,,,,,,3,,,,,,,,,,,,,,,,,,,,,,,,,,,,,,,,5,,,,,,,,,,,,,,,,,,,,,,,,,,,,,,,,,,,,,,,,,,,,,,,,,,,,,,,,,6,,,,,,,,,,,,,,,,,,,,,,,,,,,,28,2,1,,5,8,A20LXZW9N469UT,1,147|90|6|3|58,33.41009521,-91.0617981,-1
R_eJ5GoQ9o05o2Xid,Default Response Set,Anonymous,,,108.183.158.76,0,12/13/2013 19:19,12/13/2013 19:22,1,9010870,1,,,,,,,,,,,,,,,,,,,,,,,,,,,,,,,,,,,,,,,,,4,,,,,,,,,,,,,,,,,,,,,,,,2,,,,,,,,,,,,,,,,,,,,,,,,,,,,,,,,,,,,,,,,,,,,,,,,,,,,,7,5,,,,,,,,,,,,,,,,,,,,,,,,,,,,,,,,,,,,,,,,6,,,,,,,,,,,,,,23,,5,,4,6,AD7UAAD9EEIEW,1,67|121|161|43|120,43.65890503,-70.2614975,-1
R_6LOl03ZTqdFI5mJ,Default Response Set,Anonymous,,,107.5.89.172,0,12/13/2013 19:20,12/13/2013 19:22,1,4248294,1,,,,,,,,,,,,,,,,,,,,,,,,,,,,,,,2,,,,,,,,,,,2,,,,,,,,,,,,,,,,,,,,,,,,,,,,,,,,,,,,,,,,,,,,,,,,,,,,,,,,,,,,,,,,,,,,,,,,,,,,,,2,,,,,,,,,,,,,,,,,,,,,,,,,,,2,,,4,,,,,,,,,,,,,,,,,,,,,,,28,2,3,,5,5,A3A69FI0KKHXEG,1,44|149|122|33|152,41.8934021,-84.06590271,-1
R_e3PiuwmurcbT9bv,Default Response Set,Anonymous,,,71.87.58.30,0,12/13/2013 19:18,12/13/2013 19:22,1,1388863,1,,,,,,3,,,5,,,,5,,6,,,,,,,,,,,,,,,,,,,,,,,,,,,,,,,,,,,,,,,,,,,,,,,,,,,,,,,,,,,,,,,,,,,,,,,,,,,,,,,,,,,,,,,,,,,,,,,,,,,,,,,,,,,,,,,,,,,,,,,,,,,,,,,,,,,,,,,,,,,6,,,,,,,,,,,,,,,,,,,67,2,5,,5,5,A2VH4HK8WDR5ZN,1,16|10|7|14|156,44.22549438,-87.61440277,-1
R_6SbZtkbAzbRPq2F,Default Response Set,Anonymous,,,24.74.93.145,0,12/13/2013 19:18,12/13/2013 19:22,1,2545929,1,,,,,,,,,4,,,,,,,,,,,,,,,,,,,,,,,,,,,,,,,,,,,,,,,,,,,,,,,,,,,,,,,,,,,,,,,,,,,,,,,,,,,,,,,,,,,,,,,1,,,,5,,3,,,,,,,,,,,,,,,,,,,,5,,,,,,,,,,,,,,,,,,,,,,,,,,,,,,,,,,,,,,,,,,,,,,,,,,,25,1,5,,4,8,A2G8UI423QZYJJ,1,104|10|98|124|102,35.30140686,-80.89830017,-1
R_6M6fRmBBWkIQopn,Default Response Set,Anonymous,,,24.16.205.218,0,12/13/2013 19:20,12/13/2013 19:22,1,7359496,1,,,,,,,,,,,,,,,,,,,,,2,,,,,,,,,,,,,,,,,,,,,,,,,,,,,,,,,,,,5,,,,,,,,,,,,,,,,,,,,,,,,,,,,,,,,,,,,,,,,,,,,,,,,,,,,4,,,,,,,,,,,,,,,,,,,,,,,,,,,,,,,,3,,,,,,,,,,,,,,,,,,,,5,,,,,,,,,,,,28,2,5,,5,6,A2DI29R9EWN404,1,59|111|163|23|143,47.67379761,-122.3419037,-1
R_5hDWgiWLWykzSmh,Default Response Set,Anonymous,,,173.60.130.117,0,12/13/2013 19:21,12/13/2013 19:23,1,4355925,1,,,,,,,,,,,,,,,,,,,,,,,,,,,,,,,,,,,,1,,,,,,,6,,,,,,,,,,,,,,,,,,,,,,,,,,,,,,,,,,,,,,,,,,,,,,,,,,,,,,5,,,,,,,,,,,,,,,,,,,,,,,,,,,,,,,,,,,,,,,,,,,,,,,,,,7,,,,,,,,,,,,,,,5,,,,,,,,,,,25,1,2,,5,7,AODPLPB622CBE,1,149|164|99|45|38,33.9868927,-117.6555023,-1
R_9nyCpgEXmHcyuup,Default Response Set,Anonymous,,,173.24.171.158,0,12/13/2013 19:20,12/13/2013 19:23,1,1900455,1,,,,,,,,,,,,,,,,,5,,,,,,,,,,,,,,,,,,,,,,,,,,,,,,,,,,,,,,,,,,,,,,,,,,,,,,,,,,,,,,,,,,,,4,,,,,,,,,,,,,,2,,,,,,,,,,,,,,,,,,,,,,,,,5,,,,,,,,,,,,,,,,,,,,,,,,,,,,,,,,,,,,,,,,,,,,,5,,,,32,1,5,,4,6,AZX5II1VFIK4R,1,87|101|18|171|126,42.55070496,-90.69309998,-1
R_eWqjX6RF88zFEgZ,Default Response Set,Anonymous,,,76.115.59.149,0,12/13/2013 19:21,12/13/2013 19:23,1,4701663,1,,,,,,,,,,,,,,,,,,,,,,,,,,,,,,,,,,,,,,,,,,,,2,,,,,,,,,,,,,4,,,,,,,,,,,,,,,,,,,,,,,,,,,,,,,,,,,,,,,,,,,,,2,,,,,,,,,,,,,,,,,,,,,,,,,,7,,,,,,,,,,,,,,,,,,,,6,,,,,,,,,,,,,,,,,,,,,,,,,24,1,5,,4,7,A2UNRV6PEOEXG0,1,46|104|59|130|150,45.48179626,-122.6004944,-1
R_0H958oCuFrrsZuZ,Default Response Set,Anonymous,,,76.26.69.130,0,12/13/2013 19:21,12/13/2013 19:23,1,6194321,1,,,,,,,,,,,,,,,,,,,,,,,,,,,,,,,,,,,1,,,,,,,,,,,,,,,,,,,,,,,,,,,,,,,,,,,,,,,,,,,,,,,,,,,,,,,,,,2,,,,,,,,,,5,,,,,,,,,,,,,,,,,,,,,,,,,,,,,,,,4,,,,,,,,,,,,,,,,,,,,,6,,,,,,,,,,,,,,,,,34,1,5,,6,8,A1LS9JOBFUML6I,1,37|158|105|137|95,38.40339661,-82.35769653,-1
R_etdINqWf0pgVMMJ,Default Response Set,Anonymous,,,99.36.164.219,0,12/13/2013 19:21,12/13/2013 19:23,1,7156603,1,,,,,,,,,,,,,,2,,,,,,,,,,,2,,5,,,,,,,,,,,,,,,,,,,,,,,,,,,,,,,,,,,,,,,,,,,,3,,,,,,,,,,,,,,,,4,,,,,,,,,,,,,,,,,,,,,,,,,,,,,,,,,,,,,,,,,,,,,,,,,,,,,,,,,,,,,,,,,,,,,,,,,,,,,,,,,,,,,,28,2,3,,6,9,A1WULB4219PC28,1,27|29|89|15|73,37.23620605,-121.8289032,-1
R_5BY3TH5sPy0U35z,Default Response Set,Anonymous,,,74.71.241.1,0,12/13/2013 19:23,12/13/2013 19:23,1,3684544,1,,,,,,,,,,,,,,,,3,,,,,,,,,,,,,,,,,,,,,,,,,,,,,,,,,,,,,,,,,5,,,,,,1,,,,,,,,,,,,,,,,,,,,,,,,,2,2,,,,,,,,,,,,,,,,,,,,,,,,,,,,,,,,,,,,,,,,,,,,,,,,,,,,,,,,,,,,,,,,,,,,,,,,,,,,,,,,,,,,20,1,3,,4,9,A13P7QQDWVU76V,1,90|65|59|17|91,43.97479248,-75.91079712,-1
R_0rfYqu5D0fRL7aB,Default Response Set,Anonymous,,,68.193.107.130,0,12/13/2013 19:20,12/13/2013 19:24,1,8068569,1,,,,,,,,,,,2,,,,,,,,,,,,,,,,,,,,,,,,,,,,5,,,,,,,,,3,,,,,,,,,,,,,,,,,,,,,,,,,,,,,,,,,5,,,,4,,,,,,,,,,,,,,,,,,,,,,,,,,,,,,,,,,,,,,,,,,,,,,,,,,,,,,,,,,,,,,,,,,,,,,,,,,,,,,,,,,,,,,,,24,1,5,,5,7,A3RKTLJGG66084,1,12|50|87|41|83,40.87750244,-74.11049652,-1
R_07nbCHFMzWFTkLr,Default Response Set,Anonymous,,,23.115.49.58,0,12/13/2013 19:20,12/13/2013 19:25,1,5283718,1,,,,,,,,,,,,,,,,,,,,,,,,,,,,,,,,,,,,,,,,,3,,,,,,,,,,,,,,,,,,,,,6,,,,,,,,,,,,,,,,,,3,,,,,,6,,,,,,,,,,,,,,,,,,,,,,,,,,,5,,,,,,,,,,,,,,,,,,,,,,,,,,,,,,,,,,,,,,,,,,,,,,,,,,,,,,,,,,,,54,1,5,,3,8,AU7V52XJGL5C4,1,43|64|82|88|115,42.24110413,-83.61299896,-1
R_020sFSLIiREnIMJ,Default Response Set,Anonymous,,,64.127.95.176,0,12/13/2013 19:21,12/13/2013 19:25,1,8486921,1,,,,,,,,,,,,,,,,,,,,,,,,,,,,,,,,,,,,,,,,,,,,,,,,,,,,,,,,,,,,,,,,2,,,,,,,,,,,,,,,,,,,,,,,,,,,,,,6,,,,,,,5,,,,,,,,,,,,,,,,,,,,,,,,,,,,4,7,,,,,,,,,,,,,,,,,,,,,,,,,,,,,,,,,,,,,,,,,,,23,1,5,,6,6,A2MUBAL0UA1KUN,1,66|131|132|96|103,38.38360596,-88.06529999,-1
R_a2W42pjvKQCgMBf,Default Response Set,Anonymous,,,72.129.101.145,0,12/13/2013 19:22,12/13/2013 19:25,1,6813360,1,,,,,,,,,,,,,,,,,,,,,3,,,,,,,,,,,,,,,,,,,,,,,,4,,,,,,,,,,,,,,,,,,,,,,,,,,,,,3,,,,,,,,,,,,,,,,,,,,,,,,,,,,,,,,,,,,,,,,,,,,,,,,,,,,,,,,,,,,,,,,,,,,,,,,,,,5,,,,4,,,,,,,,,,,,,,,,,,,,36,1,2,,2,7,A3M6TIBELIT0GK,1,47|76|23|155|151,34.07339478,-118.0139008,-1
R_8k2KRsiTcOPrRMp,Default Response Set,Anonymous,,,71.123.180.83,0,12/13/2013 19:21,12/13/2013 19:25,1,3400828,1,,,,3,,,,,,,,,,,,,,,,,,,,,,,,,,,,,,,,,,,,,,,,,,,,,,,,,,,2,,,,,,,,,,,,,,,,,,,,,,,,,,,,,,,,,,,,,,,,,,,,,,,,,,,,,,,,,,,,5,,,,,,,,,4,,,,,,,,,,,,,,,,,,,,,,,,6,,,,,,,,,,,,,,,,,,,,,,,,,30,1,5,,5,7,A2UIPRZUHUN9OU,1,126|150|57|117|5,33.05589294,-96.73110199,-1
R_3dWwkhFiamfKEGp,Default Response Set,Anonymous,,,24.240.68.30,0,12/13/2013 19:22,12/13/2013 19:25,1,4676916,1,,,,,,,,,,,,,,,,,,,,,,,,,,,4,,,,,,,,,,,,,4,,,,,,,,,,,,,,,,,,,,,,,,,,,,,,,,,,,,,,,,,,,,,,,,,5,,,,,,,,,,,,,,,,,,,,,,,5,,,,,,,,,,,,,,,,,,,,,5,,,,,,,,,,,,,,,,,,,,,,,,,,,,,,,,,,,,,,,,32,1,5,,6,9,A37WXDYYT7RCZ0,1,91|114|135|42|29,42.64950562,-88.65940094,-1
R_0xoi0U5ITuHJCWV,Default Response Set,Anonymous,,,76.20.208.164,0,12/13/2013 19:23,12/13/2013 19:26,1,4522976,1,,,,,,,,,,,5,,,,,,,,,,,2,,,,,,,,,,,,,3,,,,,,4,,,,,,,,,,,,,,,,,,,,,,,,,,,,,,,,,,,,,,,,,,,,,,,,,,,,,,,,,,,,,,,,,,,,,,,6,,,,,,,,,,,,,,,,,,,,,,,,,,,,,,,,,,,,,,,,,,,,,,,,,,,,,,,,,,,,,21,2,5,,5,5,A2QECLOA8O0D20,1,24|12|43|114|37,33.86509705,-84.89479828,-1
R_eUHFs51YS7bmVYp,Default Response Set,Anonymous,,,72.213.189.197,0,12/13/2013 19:19,12/13/2013 19:26,1,3834137,1,,,,,,,,,,,,,,4,,,,,,,,,,,,,,,,,,,,,,,,,,,,,,,,,,,,,,,,,,,,,,,,,,,,,,,3,,3,,,,,,,,5,,,,,,,,,,,,,,,,,,,,,,,,,,,,,,,,,,,,,6,,,,,,,,,,,,,,,,,,,,,,,,,,,,,,,,,,,,,,,,,,,,,,,,,,,,,,,,,33,2,5,,4,6,A36XM6N6T78N04,1,15|118|73|71|81,36.15400696,-95.99279785,-1
R_cBFizz1CBqEnCrX,Default Response Set,Anonymous,,,71.79.49.22,0,12/13/2013 19:24,12/13/2013 19:26,1,2648243,1,,,,,3,,,,,,,,,,,,,,,,,,,,,,,,,,,,,,,,,2,,,,,,,,,,,,,,,,,,,,,,,,,,,,,,,,,,3,,,,,,,,,,,,,,,,,,,,,,,,,,,,,,,,,,,,,,,,,,,,,,,,,,,,,,,,,,,,,,,,,,,,,,,,,,,,,,,,4,,3,,,,,,,,,,,,,,,,,,,33,2,5,,3,5,AUBUEQNWDNJIH,1,156|154|6|40|74,39.13650513,-84.43250275,-1
R_2f1aKgCc4rKY4uN,Default Response Set,Anonymous,,,24.30.36.62,0,12/13/2013 19:23,12/13/2013 19:26,1,1697157,1,,,,,,,,,,,,7,,,,,,,,,,,,,,,,,,,,,,,,,,,,,,,,,,,,,,,,,,,,,,,,,,,,,,,,,,,,,,,,,,,,,,,,,,,,,,,,,,,,,,,,,,,7,,,,,,,,,2,,,,,,,,,,,,,,7,,,,7,,,,,,,,,,,,,,,,,,,,,,,,,,,,,,,,,,,,,,,,,,,28,2,5,,6,5,A27LE9HE55KLUF,1,132|114|105|13|128,33.86489868,-84.42359924,-1
R_0kVjNUV8sgeBzwx,Default Response Set,Anonymous,,,15.203.233.77,0,12/13/2013 19:25,12/13/2013 19:27,1,1410882,1,,,,,,,,,,,,,3,,,,,,,,,,,,,,,,,,,,,,,,,,,,,,,,,,,,,,,,,,,,,,5,,,,,,,,,,,,,,,,,,,,,,,,,,,,,,,,,,,,,,,,,,,,,,,,,,,,,5,,,7,,,,,,,,,,,,,,,,,,,,,,,,,,,,,,,,,,,,,,,,,,,,,,,,,,,,,,,6,,,28,1,5,,4,5,AHDF90VHOI3UT,1,117|61|172|14|114,32.78309631,-96.80670166,-1
R_42t8uwBrj3GclzT,Default Response Set,Anonymous,,,130.253.163.41,0,12/13/2013 19:24,12/13/2013 19:27,1,1706812,1,,,,,,,,,,,,,,,,,,,,,,,,,1,,,,,,,,,,,,,,,,,,2,,,,,,,,,,,,,3,,,,,,,,,,,,,,,,,,,,,,,,,,,,,,,,,,,,,,,,,,,,,,,,,,,,,,,,,,,,,,,,,,,,,,,,,,,,6,4,,,,,,,,,,,,,,,,,,,,,,,,,,,,,,,,,,,,,,,,23,1,5,,5,5,A3N4H0PAPSI0TK,1,134|27|45|58|135,39.73880005,-104.4083023,-1
R_0oBHO9jQzRyi1qB,Default Response Set,Anonymous,,,98.91.28.94,0,12/13/2013 19:24,12/13/2013 19:27,1,4589103,1,,,,,,,,,,,,,,,,,,,,,,,,,,,,,,,,,,,,,,,,,,,,,,,,,,2,,,,,,,,,,,,,,,,,,,,,,,,,,,,,,,,,,,,,,,,,,,,,,,,,,,,,,,,,,,,,,,,,,,,,5,,,,,,,,,,,,,,,,,,,,,,,,,,,,,,,,6,,,,,,3,,,,5,,,,,,,,,,,,37,1,1,,5,8,AVQGY7FCU80XP,1,159|52|163|121|153,32.98779297,-80.00569916,-1
R_eA1vCV7i3El2K1L,Default Response Set,Anonymous,,,75.174.48.28,0,12/13/2013 19:25,12/13/2013 19:27,1,5111329,1,,,,,,,,,,,,,,,,,,,,,,,,,,,,,,,,,,,,,,,,,,,,,,,,,,,,,,,,,,,,,,,,,,,,2,2,,,,,,,,,,,,,,6,,,,,,,,,,,,,,,,,,,,,,,2,,,,,,,,,,,,,,,,,,,,,,,,,,,,,,,,,,,,,4,,,,,,,,,,,,,,,,,,,,,,,,,,,,,,36,1,5,,2,8,A2MCRVU8I9VNHG,1,108|71|145|70|85,42.56300354,-114.4608994,-1
R_6tySRa9tFEzxaxn,Default Response Set,Anonymous,,,72.73.216.140,0,12/13/2013 19:25,12/13/2013 19:28,1,2770215,1,,,,,,,,,,,,,,,,,,,,,,,,,,,,,,,,,,,,,,,,,,,,,,,,,,,,,,,3,,,,,,,,,,,,,,,4,,,,,,,,,,,,,,,,,,,,,,,,,,,,,,,,,6,,,,,,,,,,,,,,,,,,,,,,,5,,,,,,,,,,,,,,2,,,,,,,,,,,,,,,,,,,,,,,,,,,,,,,,,22,1,5,,5,5,A2ZFEF6ACO7ZEQ,1,128|105|142|72|57,39.80180359,-75.00800323,-1
R_7adAguS9cZqGG1f,Default Response Set,Anonymous,,,71.194.199.117,0,12/13/2013 19:26,12/13/2013 19:28,1,9314330,1,,,,,,,,,,,,,,,,,,,,,,,,,,,,,,,,,,,,,,,,,,,,,,,,,,,,,,,,,,,,,,,,,,,,,,,,,,,,,,,,,,,,,,,,,,,6,,,,,,,,,,,,,,,,,6,,,,3,,,,,,,,,,,,,,,,,,,,,,,,,,,,,,,,,,,,7,,,,,,,,,,,,,,,,,,,,,,,3,,33,1,5,,5,7,AK96E3Z3RFYU3,1,150|93|114|110|173,42.05340576,-88.05400085,-1
R_1GqTizocJxB50EJ,Default Response Set,Anonymous,,,24.3.137.211,0,12/13/2013 19:22,12/13/2013 19:29,1,4387028,1,,,,,,,,,,,,,,,,,,,,,,,2,5,,,,,,,,,,,,,,,,3,3,,,,,,,,,,,,,,,,,,,,,,,,,5,,,,,,,,,,,,,,,,,,,,,,,,,,,,,,,,,,,,,,,,,,,,,,,,,,,,,,,,,,,,,,,,,,,,,,,,,,,,,,,,,,,,,,,,,,,,,,,,,,,,,,,,,,,31,1,5,,5,6,A2F0SQOQEPN506,1,43|68|42|25|26,40.54649353,-80.05249786,-1
R_dg0tzkHNubJ5x1r,Default Response Set,Anonymous,,,98.163.94.60,0,12/13/2013 19:27,12/13/2013 19:29,1,1373857,1,,,,,,,,,,,,,,,,,,,3,,,,,,,,,,,,,,,,,,,,,,,,,,,,,,,,,,,,,,,,,,,,,,,,,,,,,,,,,,,,,,,,5,,5,,,,,,,,,6,,,,,,,,,,,,,,,,,,,,,,,,,,,,,,,,,,,,,,,,,,,,,,,,,,4,,,,,,,,,,,,,,,,,,,,,,,,,,,,,25,1,3,,5,5,A3HFWLGG0K527B,1,21|87|96|85|146,38.85569763,-77.46970367,-1
R_bBf3XflYEWdV9C5,Default Response Set,Anonymous,,,69.204.125.53,0,12/13/2013 19:20,12/13/2013 19:29,1,1136051,1,,,,,,,,,,,,,,,,,,,,,,,,,,,,,,,,,,,,,,,,,,,3,,,2,,,,,3,,,,,,,,,,,,,,,,,,,,4,,,,,,,,,,,,,,,,,,,,,,,,,,,,,,,,,,,,,,,,,,,,,,,,,,,,,,,6,,,,,,,,,,,,,,,,,,,,,,,,,,,,,,,,,,,,,,,,,,,,,,,35,1,5,,5,5,A3ML7X12VHUVUN,1,45|48|128|73|53,42.91969299,-78.87789917,-1
R_bC2gDey760UdGCN,Default Response Set,Anonymous,,,50.182.57.88,0,12/13/2013 19:27,12/13/2013 19:29,1,5808102,1,,,,,,,,,,,,,,,,,,,,,,,,,,,,,,,,,,,,,,,,,,,,,,,,,,,,1,,,,,,,,,4,,,,,,,,,,,,,,,,,,,,,7,,,,,,,,,,,,,,,,,,,,,,,,,,,,,,,,,,5,,,,,,,,,,,,,,,,,,,,,5,,,,,,,,,,,,,,,,,,,,,,,,,,,,,,,,,,,,55,2,5,,5,3,A601VFV32LBS8,1,54|63|139|118|84,40.42930603,-74.42030334,-1
R_dm1Ox7vWFc37xRj,Default Response Set,Anonymous,,,68.192.7.74,0,12/13/2013 19:26,12/13/2013 19:29,1,6562552,1,,,,4,,,,,3,,,,,2,,,,,,,,,,,,,,,,,,,,,,,,,,,,,,,,,,,,,,,,,,,,,,,,,,,,,,,,,,,,,,,,,,,,,,,,,,,,,,,,,,,,,,,,,,,,,,,,,,,,,,,,,,,,,,,,,,,,,,6,,,,,,,,,,,,,,,,,,,,,,,6,,,,,,,,,,,,,,,,,,24,2,1,,5,4,A1AULY5MSR13MZ,1,157|5|10|134|15,40.84989929,-73.87689972,-1
R_5juoPNmRuB5C1nf,Default Response Set,Anonymous,,,76.186.191.210,0,12/13/2013 19:27,12/13/2013 19:30,1,7985040,1,,,,,,,,,,,,,,,,,,,,,3,,,,,,,,,,,,,,,2,,,,,,,,,,,,,,,,,,,,,,,,,,,,,,,,,,,,,,,,,,,,,,,,,,,,,,,,,,,,,,,,,,,,,,,,,,,,,,,,,,,,,,,,,5,,,,,,,,,,,,,,,,,,,,,,,,,4,,,,,,,,5,,,,,,,,,,,,,,,37,1,3,,5,4,A22MI8GGC8C8BQ,1,160|152|38|127|23,33.08560181,-96.6115036,-1
R_6m0vgDGDhyH9KDj,Default Response Set,Anonymous,,,67.164.34.25,0,12/13/2013 19:30,12/13/2013 19:31,1,8111645,1,,,,,,,,,,,,,,,,,,,,,,,,,,,,,,,,,6,,,,,,,,,,,,,,5,,,,,,,,,,,,,,,,,,,,,,,,,,,,,,,,,,,,,,,,,,,,,,,,,,,,,,,,,,,,,,,,,,,,,,,7,,,,,,,,,,,,,,,,,,,,,,,,,,,,,,,,,,,,,4,7,,,,,,,,,,,,,,,,,25,1,5,,4,8,AHVBQLAKS76X2,1,120|49|158|157|35,37.80439758,-122.2707977,-1
R_eEumY7xKrXVtGHb,Default Response Set,Anonymous,,,208.38.252.77,0,12/13/2013 19:28,12/13/2013 19:31,1,2002800,1,,,,,,,,,,,,,,,,,,,,,,,3,,,,,,,3,,,,,,,,,,,,,,,,,,,,,,,,,,,,,,,,,,,,,,,,,,,,,,,,,,,,4,,,,,,,,,,,,,,,,,,,,,,,,,,,,,,,,,,,,,,,,,,,,,,,,,,,,,,,,,,,,4,,,,,,,,,,,,,,,,,,,,3,,,,,,,,,,,43,1,5,,5,8,A2AXBFNWVGS69I,1,32|84|144|25|164,38.83920288,-85.36689758,-1
R_aa5QVnERGmOcRhP,Default Response Set,Anonymous,,,173.61.197.141,0,12/13/2013 19:28,12/13/2013 19:32,1,5998132,1,,,,,,,,,,,,,,,2,,,,,,,,,,2,,,,,,,,,,,,,,,,,,,,,,,,,,,,,,,,,,,,,,,,,,,,,,,,,,,,,,,,,,,,,,4,,,,,,,,,,,,,,,,,,,,,,7,,,,,,,,,,,,,,,,,,,,,,,,,,,,,,,,,,,,,,,,,,,,,,,,3,,,,,,,,,,,,,,,,40,2,5,,6,5,ATKSRDUMKFB8O,1,159|27|16|89|111,40.33380127,-74.79090118,-1
R_3V6DSrotEgTGY6x,Default Response Set,Anonymous,,,108.249.132.57,0,12/13/2013 19:30,12/13/2013 19:32,1,6949959,1,,,,,,,,,,,,,,,,,,,,,,,,,,,,,,,,,,,,,,,,,,,,,,,,,,,,,,,,,,,,,,3,,,,,,,,,,,,,,,,,,,,,,,,,,4,,,,,,,,,,,,,,6,,,,,,,,,,,,,,,,,,,,,,,,,,,,,,,,,,5,,,,,,,,,,,,,,,,,,,,,,,,,,,,,,,,,,3,,,31,2,1,,5,7,A231ZXYHPSNUJQ,1,64|138|90|172|104,37.92550659,-122.3437042,-1
R_0Dmm0UPPjUKes8l,Default Response Set,Anonymous,,,24.58.82.30,0,12/13/2013 19:23,12/13/2013 19:32,1,7215906,1,,,,,,,,,,,,,,,,4,,,,,,,,,,,,,,,,,,,,,,,,,,,,,,,,,,,,,,6,,,4,,,,,,,,,,,,,,,,,,,2,,,,,,,,,,,,,,,,,,,,,,,,,,,,,,,,,,,,,,,,,,,,,,,,,,,,,,,,,,,,,,,,,,,,,,,,,,,,,,,,,,,,,,,,,,,,,,7,,,42,1,5,,5,4,A38TH8VL4GL13W ,1,17|78|172|59|56,43.97860718,-75.90039825,-1
R_9npr061ImWfSSAl,Default Response Set,Anonymous,,,99.116.40.130,0,12/13/2013 19:31,12/13/2013 19:33,1,5149014,1,,,,,,,,,,,,,,,,,,,,,,,,,,,,,,,,,,,,,,2,,,,,,,,,,,,,,,2,,,2,,,,,,,,,,,,,,,,,,,,,,,,,,,,,,,,,,,,,,,,,,,,,,,,,,,,,6,,,,,,,,,,,,5,,,,,,,,,,,,,,,,,,,,,,,,,,,,,,,,,,,,,,,,,,,,,,,,,,,,21,2,2,,4,7,A3QGNYMQNUC6HM,1,55|40|58|123|111,34.14759827,-117.4580994,-1
R_1RfdeK70HEjaM7j,Default Response Set,Anonymous,,,206.255.186.47,0,12/13/2013 19:32,12/13/2013 19:35,1,6978332,1,,,,,,,,,,,,,,,,,,,,,,,,4,,,,,,,,,,,,,,,,,,,,,,,,,,,,,,,,,4,,,4,,,,,,,,,,,,,,3,,,,,,,6,,,,,,,,,,,,,,,,,,,,,,,,,,,,,,,,,,,,,,,,,,,,,,,,,,,,,,,,,,,,,,,,,,,,,,,,,,,,,,,,,,,,,,,,,,,,19,1,5,,4,6,A2SRSKSRN6NA3E,1,59|83|62|76|26,33.61140442,-92.84519958,-1
R_37zynDHa1AGXYfb,Default Response Set,Anonymous,,,107.212.40.35,0,12/13/2013 19:31,12/13/2013 19:35,1,9619882,1,,,,,,,,,,,,5,,,,,,,,,,,,,,,,,,,,,,,,,,,,,,,,,,4,,,,,,,,,,,,,,,,,,,,5,,,,,,,,,,,,,,,,,,,,,,,,,,,,,,,,,,,,,,,,,,,6,,,,,,,,,6,,,,,,,,,,,,,,,,,,,,,,,,,,,,,,,,,,,,,,,,,,,,,,,,,,,,,,,25,1,3,,5,5,A2S3MN9904L9EC,1,13|48|111|120|68,37.59629822,-122.0657043,-1
R_9MHyiIxta93hzFz,Default Response Set,Anonymous,,,24.148.249.54,0,12/13/2013 19:30,12/13/2013 19:35,1,6462948,1,,,,,,,,,,,,,,,,,,,,,,,,,,,,,,,,,,,,,,,,,,,,,3,,,,,,,,,,,,,4,,,,,,,,,,,,,,,,,,,,,,,,,,,,,,,,,,,,,,,,,,4,,,,,,,,,,,,,,,,,,,,,,,,,,,,,,,6,,,,,,,,5,,,,,,,,,,,,,,,,,,,,,,,,,,,,,,,,,,25,1,5,,5,6,A3HQXCWOIQKT4F,1,133|102|47|60|141,36.00790405,-80.36969757,-1
R_dbCgv3a9fsODRM9,Default Response Set,Anonymous,,,69.118.198.255,0,12/13/2013 19:33,12/13/2013 19:36,1,2452500,1,,,,,,,,,,,,,,,,,,,,,,,,,,,,,,,6,,,,,,,,,,,,,,,,,,4,,,,,,,,,,,,,,,,,,,,,,,,,,5,,,,,,,,,,,,,,,,,,,,,,,,4,,,,,,,,,,,,,,,,,,,,,,,,,,,,,,,,,,,,4,,,,,,,,,,,,,,,,,,,,,,,,,,,,,,,,,,,,,,20,2,1,,4,7,A14MOF84FC52MB,1,33|51|101|137|77,40.72210693,-74.20120239,-1
R_1GpnifHfAU676e1,Default Response Set,Anonymous,,,108.193.223.1,0,12/13/2013 19:34,12/13/2013 19:36,1,4735695,1,,,,,,,,,,,,,,,,,,,,,,,,,,,,,5,,,,,,,,,,,,4,,,,,,,,,,,,,,,,,,,,,,,,,,,,,,,,,,,,,,,,,,,,,,,,,,,4,,,,,,,,,,,,,,,,,,,,,,5,,,,,,,,,,,,,,,,,,,,,,,,,,,,,,,,,,,,,,,3,,,,,,,,,,,,,,,,,,,,24,1,3,,4,10,A16TESTJICU76L,1,43|116|94|31|155,34.08909607,-118.0923996,-1
R_aWZ7nn5yNhxNTQ9,Default Response Set,Anonymous,,,74.196.206.250,0,12/13/2013 19:32,12/13/2013 19:36,1,6647667,1,,,,,,,,,,,,,,,,5,,,,,,,,,,,,,,,,,,6,,,,,,,,,,,,,,,,,,,,,,,,5,,,,,,,,,,,,,,,,,,,,,,,,,,,,,4,,,,,,,,,,,,,,,,6,,,,,,,,,,,,,,,,,,,,,,,,,,,,,,,,,,,,,,,,,,,,,,,,,,,,,,,,,,,,,,,,,,,,,,39,1,1,,5,4,A170EDGL8ZWMSL,1,89|60|36|17|105,31.2671051,-94.646698,-1
R_6g8p3wPJF6iWtut,Default Response Set,Anonymous,,,72.208.212.58,0,12/13/2013 19:31,12/13/2013 19:36,1,1291327,1,2,,,,,,,,,,,,,,,,,,,,4,,,,,,,,,,,,,,,,,,,,,,,,,,,,,,,,,,,,,,,,,,,,,,,,,,,,,,,,,,,,,,,,,,,,,,,,,,,,,,,6,,,,,,,,,,,,,,,,,,,,,,,,,,,,,,,,,,,,6,,,,,,,,,,,,,,,,,,,,,,7,,,,,,,,,,,,,,,25,1,5,,4,4,A3LI0O659I8GFX,1,23|160|138|102|2,33.58059692,-112.2373962,-1
R_6gmDXJnQs8Tqd5r,Default Response Set,Anonymous,,,97.103.146.146,0,12/13/2013 19:34,12/13/2013 19:37,1,2301165,1,,,,,,,,,,,,,,,,,,,,,,,,,,,,,,,,,6,,,,,,,,,,,,3,,,,,,,,,,,,,,,,,,,,6,,,,,,,,,,,,,,,,,,,,,,4,,,,,,,,,,,,,,,,,,,,,,,,,,,,,,,,,,,,,,,,,,4,,,,,,,,,,,,,,,,,,,,,,,,,,,,,,,,,,,,,,,,,,,,25,2,5,,4,9,A1IOJ2LGMGISYM,1,89|35|67|131|47,28.91099548,-81.1855011,-1
R_bdxnqPjjIwWiBJr,Default Response Set,Anonymous,,,23.243.110.173,0,12/13/2013 19:35,12/13/2013 19:37,1,4121718,1,,,,,,,,,,,,,,,,,,,,,,,,,,,,,,,,,,,,,,,,,,,,,,,5,,,,,,,,,,,,,3,,,,,,,,,,,,,,,,,,,,,,,,,,,,,,,,,,7,,2,,,,,,,,,,,,,,,,,,,,,,,,,,,,,,,,,,,,,,,,6,,,,,,,,,,,,,,,,,,,,,,,,,,,,,,,,,,,,,25,1,3,,5,5,A2QBY47K90M99E,1,138|96|98|49|62,34.46609497,-118.5746994,-1
R_3jzkiHcZgeCfh9b,Default Response Set,Anonymous,,,96.58.220.188,0,12/13/2013 19:36,12/13/2013 19:37,1,6775703,1,,,,,,,,,,,,,,,,,,,,,,,4,7,,,,,,,,,,,,,,,,,,,,,,,,3,,,,,,,,,,,,,,,,7,,,,,,,,,,,,,,,,,,,,,,,,,,,,,,,,,,,,,,,,,,,,,,,,,,,,,,,,,,,,,,,,,,,,,,,,,,,,,,,,,,,,,,,,,,,,,,,,,,,,,,,,,,,6,,22,1,3,,5,8,A1B79AW7Z2QNHI,1,25|26|173|50|66,27.8625946,-82.70939636,-1
R_aUYkVl48kK2WwNT,Default Response Set,Anonymous,,,24.236.91.120,0,12/13/2013 19:36,12/13/2013 19:39,1,2714559,1,,,,,,,,,,,,,,,,,,,,,,,,,,,,,,,,,,,,,,,,,,,,,,,,,,,,,,,,,,,,,,,,,,,5,,,,,,,,,,,,,3,,6,,,,,,,,,,,,,,,,,,,,,,,,,,,,,,,,,,,,7,,,,,,3,,,,,,,,,,,,,,,,,,,,,,,,,,,,,,,,,,,,,,,,,,,,,,,,,25,1,5,,6,8,A1R38KNIPY1VW9,1,126|84|82|69|120,32.84129333,-80.10700226,-1
R_diHeZK8X8LS198p,Default Response Set,Anonymous,,,50.193.15.43,0,12/13/2013 19:27,12/13/2013 19:39,1,7199744,1,,,,,,,,,,,,,,,,,,,,4,,,6,,,,,,,,,,5,,,,,,,,,,,3,,,,,,,,,,,,,,,,,,,,,,,,,,,,,,,,,,,,,,,,,,,,,,,,,,,,,,,,,,,,,,,,,,,,,,,,,,,,,,,4,,,,,,,,,,,,,,,,,,,,,,,,,,,,,,,,,,,,,,,,,,,,,,,,,,23,1,5,,5,5,A3RYH6OUH7BJ4Z,1,25|35|46|22|125,37.38600159,-122.0838013,-1
R_42yHJOQe7DyKjhH,Default Response Set,Anonymous,,,107.220.142.36,0,12/13/2013 19:31,12/13/2013 19:40,1,9251841,1,,,,,,,6,,,,,,,,,,,,,,,,,,,,,,,,,,,,,,4,,,,,,,,,,,,,,4,,,,,,,,,,,,,,,,,,,,,,,,,,,,,,,,,,,,,,,,,,,,,,,,,,,,,,,,,,6,,,,,,,,,,,,,,,,,,,,,,,,,,,,5,,,,,,,,,,,,,,,,,,,,,,,,,,,,,,,,,,,,57,2,5,,2,4,A2H9S57J0QT0CX,1,53|111|139|8|39,30.51739502,-97.63040161,-1
R_agXNx7lClGveopT,Default Response Set,Anonymous,,,207.104.54.2,0,12/13/2013 19:38,12/13/2013 19:41,1,8998595,1,,,,,,,,,,,,,,,,,,,,,,,,,,,,,,,,,,,,,,4,,,,,,,,,,,,,,,,,,,,,,,,,,,,,,,,,,,,,,,,,,,,,,,,,,,,,,,,,,,,6,,,,,,,,,,6,,,,,,,,,,,,,,,,,,,,,,,,,,,,,,5,,,,,,,,,,,,,,,,,,,,,,,,,,,,,,,,5,,,32,1,3,,5,8,A3GTIIFSMHAKRZ,1,140|40|110|172|100,37.67829895,-120.9501038,-1
R_0Bbn7SIItri8aSF,Default Response Set,Anonymous,,,71.193.60.20,0,12/13/2013 19:39,12/13/2013 19:41,1,2807959,1,,,,,,,,,,,,,,,,,,,,,,,,,,,,3,,,,,,,,,,4,,,,,,,,,,,,,,,,,,,,,,,,,,3,,,,,,,,,,,,,,,,,,,,,,,,,,,5,,,,,,,,,,,,,,,,,,,,,,,,,,,,,,,,,,,,,,,,,,,,,,,,,,,,,,,,,,,,,,,,,3,,,,,,,,,,,,,,,,,24,1,2,,5,6,A37DZG7WSZJPZ9,1,40|30|158|66|93,38.54510498,-121.3833008,-1
R_5gpFFQqthjLiFjD,Default Response Set,Anonymous,,,68.206.75.31,0,12/13/2013 19:37,12/13/2013 19:41,1,9774334,1,,,,,,,,,,,,,,,,,,,,,,,,,,,,,,,,,,,,,,,,,,,,,,,,,,,,3,,,,,,,,,,,,,,,,,,,,,,,,,,,,,,,,,,,,,,,,,,,,,,,,,,,,,6,,,,,,,,,,,,,,,,,,,,,,,,5,,,,,,,,,,,,,,,,,,,,,,,,,,,,,,,5,,,,,,,,,,,,,21,2,5,,4,8,A253ZWF1GH5T0F,1,54|162|131|107|59,26.27589417,-98.23300171,-1
R_cIvCK1K6NGbF5Qh,Default Response Set,Anonymous,,,72.177.59.241,0,12/13/2013 19:39,12/13/2013 19:42,1,3101552,1,,,1,,,,,,,,,,,,,,,,,,,,,,,,,,,,,,,,,,,,,,,,,,,,,,,,,,,,,,,,,,,,,,,,,,,,,,,,,,,,,,,,,,,,,,,,,,,,,,,,,,,,,,,,,,,,,,,,,,,,,,,,,,,,,,,,,,4,,,,,,,,,,,,,,6,,,,,,,,,,,,5,,,,,,,,,,7,,,,55,1,5,,2,5,A2QAIIROYI52KO,1,4|161|171|149|135,30.26719666,-97.74310303,-1
R_73Nv8cyvbW6wOoJ,Default Response Set,Anonymous,,,98.151.215.246,0,12/13/2013 19:40,12/13/2013 19:42,1,6515714,1,,,,,,,,,,,,,,,,,,,,,,,,,,,,,,,,3,,,,,,,,,,,,,,,,,,,6,,,,,,,,,,,,,,,,,,,,,,,,,,,,,,,,,,,,,,,,,,,,,,4,,,,,,,,,,,,,,,,,,,,,,,,,,,,,,,,,,,,,,,,,,,,,,,,,,,,,,,,,4,,,,,,,,,,,5,,,,,,,,24,1,2,,2,7,A1KFK92GEFQ9F5,1,99|167|34|156|53,33.91290283,-118.3439026,-1
R_3UEd38tZGKAhLil,Default Response Set,Anonymous,,,66.243.239.12,0,12/13/2013 19:41,12/13/2013 19:44,1,2562024,1,,,,,,,,,,,,,,,,,,,,,,,,,,,,,,,,,,,,,,,,,,,,,,,,,,,,,,,,,,,,,,,,,,,,,,,,,,3,,,,,,,,,,,,,,,,,,,,,,,,,,,,,,,7,,,,,,,,,,,,,,,,,,,,,,,,6,,,,,,,,,,,,,,,,,,,,,,,,,,,,,,,,,,,6,,,,,,7,,,25,1,5,,4,4,AIUO88FE7DX5Z,1,76|172|131|166|107,46.97900391,-120.4702988,-1
R_9NeXCHQPyU9BVo9,Default Response Set,Anonymous,,,76.126.3.199,0,12/13/2013 19:43,12/13/2013 19:44,1,6169297,1,5,,,,,,,,,,,,,,,,,,,,,,,,,,,,,,,,,,,,,,,,,,,,,,,,,5,,,,,,,,,,,,,,,,,,,,,,,,,,,,,,,,,,,,,,,,,,,,,,,,,,,,,,,,,,,,2,,7,,,,,,,,,,,,,,,,,,,,,,,,,,,,,,,,,,,,,,,,,,,,,5,,,,,,,,,,,,,,,,21,1,5,,4,4,A2T3PDW4G67IHB,1,159|114|2|112|52,37.7230072,-122.4841995,-1
R_1Gjd7y9n9Zk1p9X,Default Response Set,Anonymous,,,69.136.68.115,0,12/13/2013 19:41,12/13/2013 19:44,1,3700700,1,,,,,,,,,,,,,,,5,,,,,,,,,,4,,,,,,,,,,,,,,,,,,,,,,,,7,,,,,,,,,,,,,,,,,,,,,,,,,,,,,,,,,,,,,,,5,,,,,,,,,,,,,,,,,,,,,,,,,,,6,,,,,,,,,,,,,,,,,,,,,,,,,,,,,,,,,,,,,,,,,,,,,,,,,,,,,,,,,,26,1,2,,8,4,A2BISDTMS5ZP2P,1,90|117|27|16|51,39.94070435,-75.22810364,-1
R_eDKMXvI6taP82hf,Default Response Set,Anonymous,,,162.249.113.75,0,12/13/2013 19:44,12/13/2013 19:46,1,1574550,1,,,,,,,,,,,,,,,,,,,,,,,,,1,,,,,,,,,,,,,,,,,,,,,,,,,,,,2,,,,,,,5,,,,,,,5,,,,,,,,,,,,,,,,,,,,,,,,,,,,,,,,,,,,,,,,,,,,,,,,,,,,,,,,,,,,,,,,,,,,,,,,,,,,,,,,,,,,4,,,,,,,,,,,,,,,,,,,,,,25,2,5,,4,9,AZPKUIYE84ML,1,55|27|62|153|69,,,-1
R_cO6BdCUXijDmhqR,Default Response Set,Anonymous,,,50.0.149.128,0,12/13/2013 19:44,12/13/2013 19:47,1,5554007,1,,,,,,,,,,,,,,,,,,,,,,,,,,,,,,,,,,,,,,,,,,,,,,,,,,,,2,,,,,,,,,,,,,,5,,,,,,,5,,,,,,,,,,,,,,,,,,,,,,,,,,,,,,,,,,,,,,,,,,,,,,,,,,,,,,,,,,,,,,,,,,5,,,,,,,,,,,,,,,,,,,,4,,,,,,,,,,,,,,24,1,3,,5,5,A8Q6WK91ZQPGA,1,75|54|161|68|141,37.72169495,-122.444397,-1
R_8i7xacKbZBFIdHT,Default Response Set,Anonymous,,,69.244.209.144,0,12/13/2013 19:44,12/13/2013 19:47,1,1188959,1,3,,,,,,,,,,,,,,,,,,,,,,,,,,,,5,6,,,,,,,,,,,,,,,,,,,,,,,,,,,,,,,,,,,,,,,,,,,,,,,,,,,,,,,,,,,,,,,,,5,,,,,,,,,,,,,,,,,,,,,,,,,,,,,,,,,,,,,,,,,,,,,,,,,,,,,,,,,,,,,,,,,,,,,,,,,,6,,,,35,1,5,,5,6,A12L4CWO9LJ19K,1,32|31|2|171|97,30.43829346,-84.28070068,-1
R_b8FzK5jrmyv4Rfv,Default Response Set,Anonymous,,,98.25.241.28,0,12/13/2013 19:43,12/13/2013 19:47,1,2345328,1,,,,,,,,,,,,,,,,,,,,,,,,,,,,,,,,,,,,,,,,,,,,,,,,,,,6,,,,,6,,,,,,,,,,,,,,,,,,,,,,,,,,,,,5,,,,,,,,,,,,,,,,,,,,,,,,,,,,,,,,,,,,,,,,,,,,,,,,,,,,,,,,,,,,,,,,,,,,,,,,,,,,4,,5,,,,,,,,,,24,2,5,,5,7,A3OGDLY2VY5OHO,1,58|87|53|163|165,34.04519653,-80.83820343,-1
R_57JDWILQcrXRzJb,Default Response Set,Anonymous,,,64.47.148.227,0,12/13/2013 19:45,12/13/2013 19:47,1,5117461,1,,,,,,,,,,,,,3,3,,,,,,,,,,,,,,,,,,,,,,,,,,,,,,,,,,,,,,,,,,,,,,,,,,,,,,,,,,,,,,,,,,,,,,,,,,,,,,,,,,,,,,,,,,5,,,,,,3,,,,,,,,,,,,,,,,,5,,,,,,,,,,,,,,,,,,,,,,,,,,,,,,,,,,,,,,,,,,,,,,22,1,3,,5,7,A1WE7JOOWZSMHF,1,112|14|129|15|106,33.83529663,-117.914505,-1
R_9BTVJ1o0N950pCt,Default Response Set,Anonymous,,,24.74.202.204,0,12/13/2013 19:46,12/13/2013 19:48,1,8143908,1,,,,,,,,,,,,,,,,,,,,,,,,,,,,,,,,,,,,,,,,,,,,4,,4,6,,,,,,,,,,,,,,,,,,,,,,,,,,,,,,,,,,,,,,,,,,2,,,,,,,,,,,,,,,,,,,,,,,,,,,,,,,,,,,,,,,,,,,6,,,,,,,,,,,,,,,,,,,,,,,,,,,,,,,,,,,,,,,,,34,1,5,,4,6,A4LX3HCFFGIEY,1,134|49|46|91|48,34.90080261,-76.82620239,-1
R_6u6OufhfmIsyEuh,Default Response Set,Anonymous,,,75.53.34.1,0,12/13/2013 19:42,12/13/2013 19:48,1,6331969,1,,,,,,,,,,,,,,,,,,,,,,,,,,,,,,,,,,,,,,,,,,,,4,,,,,,,,,,,5,,,,,,,,,,,,,,,7,,,,,,,,,,,,,,,,,,,,,,,,,,1,,,,,,,,,,,,,,,,,,,,,,,,,,,,,,,,,,,,,,7,,,,,,,,,,,,,,,,,,,,,,,,,,,,,,,,,,,,,,,37,2,5,,4,7,A2RJ4DUP52FKVG,1,72|98|46|57|136,32.81399536,-96.94889832,-1
R_3PYlu5qXUuBEioZ,Default Response Set,Anonymous,,,24.181.40.133,0,12/13/2013 19:47,12/13/2013 19:49,1,1139636,1,,,,3,,,,,,,,,,,,,,,,,,,,,,,,,,,,,,,,,,,,,,,,,,,,,,,,,,,,,,,,,,,,,,,,,,,,,,,,,,,,,,,,,5,,,,,,,,,,,,,,,,,,,,,,,,,,,,,,,,,,,,,,,,,,,,,,,,5,,,,,,,,3,,,,,,,,,,,,,,4,,,,,,,,,,,,,,,,,,21,1,2,,4,8,A2CSQNLTE06WZS,1,143|87|135|5|157,32.46099854,-84.98770142,-1
R_blUtfqXWK81Os2V,Default Response Set,Anonymous,,,69.143.165.207,0,12/13/2013 19:50,12/13/2013 19:51,1,7555603,1,,,,,,,,,,,,,,,,,6,,,,,,,,,,,,,,,,,,,,,,,,,,,,,,,,,,,,,,,,,,,,,,,,,,,,,,,5,,,,,,,,,6,,,,,,,,5,,,,,,,,,,,,,,,,,,,,,,,,,,,,,,,,,,,,,,,,,,,,,,,,,,,,,,,,,,,,,,,,,,,6,,,,,,,,,,,,,,,,,27,1,5,,5,4,A2LV5432PV1S39,1,91|18|158|83|74,38.86000061,-77.09870148,-1
R_e9x1GhkT1tORCwR,Default Response Set,Anonymous,,,128.205.223.16,0,12/13/2013 19:37,12/13/2013 19:52,1,7031073,1,,,,,,,,,,,,,,,,,,,,,,,,,,,,,,,,,,,,,,,,,,,,,,,,,,,,,,,,,,,,,,,,,,,,2,,,,,,,,,,,,,,,,,5,,,,,,,,,,,,,,,,,,,,,,,,,,,,,,,,,,,,,,,,,,,,,,,,,,,,,,,,,,,,,,,6,,,,,,,,5,,5,,,,,,,,,,,,,,,18,1,5,,4,5,A1HZZA138E285C,1,150|158|70|87|160,42.7684021,-78.88710022,-1
R_cuPX3vQCq49DmqF,Default Response Set,Anonymous,,,184.91.223.63,0,12/13/2013 19:39,12/13/2013 19:52,1,8421127,1,,5,,,,,,,,,,,,,,,,,,,,,,6,,,,,,,,,,,,1,,,,,,,,,,,,,,,,,,,,,,,,,,,,6,,,,,,,,,,,,,,,,,,,,,,,,,,,,,,,,,,,,,,,,,,,3,,,,,,,,,,,,,,,,,,,,,,,,,,,,,,,,,,,,,,,,,,,,,,,,,,,,,,,,,,,,,,,,,,23,1,2,,4,6,A2FMSZ3DCCRYU,1,38|109|26|66|3,28.30690002,-81.42459869,-1
R_cx6CcVXT3SCVtLT,Default Response Set,Anonymous,,,50.43.11.124,0,12/13/2013 19:50,12/13/2013 19:52,1,3262252,1,,,,,,,,,,,,,,,,,,,,,,,,,,,,,,,,,,,,,,,,,,,,,,,,,,,,,,,,,,,,,,,,,,,,,,,,,,,,,,,,,,,,,,,,,,,,,,,,,,,,4,,,,,,,,,,,,,,,,,,,,,,,,3,,,,,,,,,,,,5,,,,,,6,,,,,,,,,,,,,,,,,,2,,,,,,,,,,,,,35,2,3,,5,6,A18AIG4L4EEO11,1,144|162|102|126|138,45.44430542,-122.966301,-1
R_cHhntUsoVE35A5n,Default Response Set,Anonymous,,,96.248.6.18,0,12/13/2013 19:50,12/13/2013 19:54,1,9006623,1,,,,,,,,,4,,,,,,,,,,,,,,,,,,,,,,,,,,,,,,,,,,,,,,6,,,,,,,,,,,,,,,,,,,,,,,,,,,,,,,,,,,,,,,,,,,,,,,,,,,,,,,,,,,,,,,,,,,,,,,,,,,,,,,,,,,,,5,,,,,,,,,,,,,,,,,,,,,,,,,,,,,,,,,,,3,,,5,,,23,1,5,,4,3,A2BJJGIQLWF66V,1,169|10|172|134|49,37.55220032,-77.45819855,-1
R_01WB7zctz52N2bX,Default Response Set,Anonymous,,,67.11.81.122,0,12/13/2013 19:51,12/13/2013 19:54,1,3137745,1,,,,,,,,,,,,,,,,,,,,,,,,,,,,,,,,,,,,,,,,,,,,,,,,,,,,,,,,,,,,,,,,,,,,,,,,,4,,,,,,,,,,,,,,,,,,,,,,,,6,,,,,,,,,,,,,,,,,,,5,,,,,,,,,,,,7,,,,,,,,,,,,,,,,,,5,,,,,,,,,,,,,,,,,,,,,,,,,,,22,1,2,,4,8,APPA027I9ZSEF,1,99|118|148|75|130,26.15460205,-98.20449829,-1
R_9TeiRokjuc7CTat,Default Response Set,Anonymous,,,76.99.25.96,0,12/13/2013 19:52,12/13/2013 19:55,1,2694777,1,,,,,,,,,,,,,,,,,,,,,,,,,,,,4,,,,,,,,,,,4,,,,,,,,,,,,,,,,,,,,,,,,,,,,,,,,,,,,,,,,,,,,,,,,,,,,,,,,,,,,,,,,,,,,,,,,,,,,,,,,,,,,,4,,,,,,,,,,,,,6,,,,,,,,,,,,,,,,,,,4,,,,,,,,,,,,,,,,,23,1,3,,5,8,A33LREXN26VIPD,1,30|158|139|126|41,39.96859741,-75.17620087,-1
R_3yip4WAg28E0bch,Default Response Set,Anonymous,,,50.36.99.171,0,12/13/2013 19:53,12/13/2013 19:55,1,3704436,1,,,,,,,,2,,,,,,,,,,,,,,,,,2,,,,,,,,,,,,,,,,,,,,,,,,,,,,,,,,,,,,,,,,,,,,,,,,,,,,,,,,,,,,,,,,,,,,,,,,,,,,,,,,,4,,,,,,,,,,,,,,,,,,,,,,,,,,,,,,,,,,,,,,,,,,5,,,7,,,,,,,,,,,,,,,,,,,,,,21,2,5,,2,2,A2K2DVYJOJ8KMX,1,153|9|108|27|150,42.89489746,-84.00920105,-1
R_5BX2ydd7Tnxjrg1,Default Response Set,Anonymous,,,68.81.215.29,0,12/13/2013 19:53,12/13/2013 19:56,1,3658429,1,,,,,,,,,,,,,,,,,,,,,,,,,,,,,,,,,,,,,,,,,,,,,,,,,5,,,,,,,,,,,,,4,,,,,,,,,,2,,,,,,,,,,,,,,,,,,,,4,,,,,,,,,,,,,,,,,,,,,,,,,,,4,,,,,,,,,,,,,,,,,,,,,,,,,,,,,,,,,,,,,,,,,,,,,,,,,,,,,,23,1,3,,4,6,A1153ZIEQX0ZJ8,1,94|64|51|121|74,40.0375061,-75.145401,-1
R_8uJDb6enPBJdFHf,Default Response Set,Anonymous,,,76.118.76.198,0,12/13/2013 19:51,12/13/2013 19:56,1,2866323,1,,,,,3,,,,,,,,,,,,,,,,,,,,,6,,,,,,,,,,,,,,,3,,,,,,,,,,,,,,,,,,,,,,,,,,,,,,,,,,,,,,,,,,,,6,,,,,,,,,,,,,,,,,,,,,,,,,,,,,,,,,,,,,,,,,,,,,,,,,,,,,,,,,,,,,,,,,,,,,,,,,,,,,,,,,4,,,,,,,40,1,5,,3,8,A39YBLQYIUBR76,1,87|6|168|43|28,44.49290466,-73.22530365,-1
R_6g0CpyPOpFK8IMl,Default Response Set,Anonymous,,,76.125.189.106,0,12/13/2013 19:54,12/13/2013 19:57,1,9903871,1,,,,,,,,,,,,,,,,,,,,,,,,,,,,,,,,,,,,,,,,,,,,,,,,,,,,,,,,,,,,5,,,,,,,,,,,,,,,,,,,,,,,,,,,,,,,,5,,,,,,,,,,,,,,,,,,,,,,5,,,,,,,,,,,,,,,,,,5,,5,,,,,,,,,,,,,,,,,,,,,,,,,,,,,,,,,,,,,,,38,2,5,,5,8,A25AJ66CYVUTBR,1,116|62|134|136|94,40.37869263,-79.97100067,-1
R_6SxWYnMEZ78SDul,Default Response Set,Anonymous,,,50.36.99.171,0,12/13/2013 19:56,12/13/2013 19:57,1,4627245,1,,,,,,,,,,,,,,,,,,,,,,,,,,,,,,,,,,,,,,,,,,,,,,,,,,,,,,,,,,,,,6,,,,,,,,,,,,,,,,,,,,,,,,,,,,,,,,,,,,,,,,,,,,,,,,,,,,,6,,,,,,,3,,,,,,,,,,,,,,,,,,,,,,,,2,,,,,,,,,,5,,,,,,,,,,,,,,,,,,26,1,5,,2,5,A2VWF4HH6PYOAU,1,157|147|116|123|63,42.89489746,-84.00920105,-1
R_cIPt8iK5fxETHLL,Default Response Set,Anonymous,,,204.87.167.69,0,12/13/2013 19:56,12/13/2013 19:59,1,3618732,1,,,,,,,,,,,,,,,,,,,,,,,,,,,,,,,,,,,,,5,,,,,,,,,,,,,,,,,,,,,,,,,,,,,,,,,,,,,,,,,,,,,,,,,,,,,,,,,,,,,,,,,,,,,,,,,,,,,,,,6,,,,,,,,,,,,,,,,,,,,,,,,,,,,,,,6,,6,,,,,,,,,,,,,,,,,4,,,,,,25,1,5,,3,8,A1QRGVE005067Q,1,150|169|39|119|152,38.70289612,-93.23680115,-1
R_2bIju6VGbxMwZDv,Default Response Set,Anonymous,,,98.248.64.221,0,12/13/2013 19:57,12/13/2013 19:59,1,4977259,1,,,,,,,,,,,,,2,,,,,,,,,,,,,,,,,,,,,,,,,,,,,,,,,,,,,,,,,,,,,,,,,,,,,,,,,,,,,,,,,,,5,,,,,,,,,,,,,,,,,,,,,,,,,,,,,,,,,,,,,,,,,,,,4,6,,,,,,,,,,,,,,,,,,,,,,,,,,,,,,,,,,,,,,,,,,,,,7,,,33,1,5,,2,9,AOAZMLP27GD81,1,82|127|126|172|14,37.75909424,-122.1358948,-1
R_29aYQGCcAA2ghIp,Default Response Set,Anonymous,,,216.87.207.2,0,12/13/2013 19:58,12/13/2013 19:59,1,2740420,1,,,,,,,,,,,,,,,,,,,,,,,,,,,,,,,,,,,,,,,,,,,,,,,,,,,,,,,,,,,,,,,,,,,,,,,,,,,,,,,,,,,,,,,,,,,,,,,,,,,,,,,,,,,,,,,,,,,,,,,,,,,,6,,,,,,,,,,,,,,,,,2,,,,,,,,,,,,2,,6,,,,,,,,6,,,,,,,,,,22,2,5,,4,8,AAI4KQMTN22L4,1,155|157|126|143|165,40.8164978,-76.8812027,-1
R_2i7G0c0FGLOCAmN,Default Response Set,Anonymous,,,76.112.8.220,0,12/13/2013 19:58,12/13/2013 20:01,1,8800117,1,,,,,,,,,3,,,6,,,,,,,,,,,,,,,,,,,,,,,,,,,,,,,,,,,,,,,,,,,,,,,,,,,,,,,,,,,,,,,,,,,,,,,,,,,,,,,,,,,,,,,,,,3,,,,,,,,,,,,6,,5,,,,,,,,,,,,,,,,,,,,,,,,,,,,,,,,,,,,,,,,,,,,,,,,,,,,,,,,,35,1,5,,5,4,A2T5TKB5P9UQSF,1,104|10|13|118|116,42.72369385,-83.42220306,-1
R_51jh5ItSkhfq6RT,Default Response Set,Anonymous,,,99.27.232.248,0,12/13/2013 19:57,12/13/2013 20:01,1,9910907,1,,,,,,,,,,,,,,,,,,,,,,,,,,,,,,,,,,,,,,,,,,,,,,,,,,,,,,,,,,,,,,,,,,,,,,6,,,,,,,,,,,,,,,,,,,,,,,,,,,,,,,,,,,,,,,,,,5,,,,,,,,,,,,,,,,,,,,,,,,,,,,,,6,,,,,,,,4,,,,,,,,,,,,,,,,,,,,,4,,52,2,5,,6,5,A10NRZ7K3FLMXW,1,72|173|144|152|114,44.52409363,-87.9056015,-1
R_aWx3b218QGe9XN3,Default Response Set,Anonymous,,,72.26.86.165,0,12/13/2013 19:58,12/13/2013 20:02,1,9509449,1,,,,,,,,,,,,,,,,,,,,,,,,,,,,,,,,,,,,,,,,,,,,,,,,,,,,,,,,,,,,,,,,,,,,,,,,,,,,,,,,,,,,,,,,,,,,,,,,3,,,,,,,6,,,,,,,,,,4,,,,,,,,,,,,,,,,,,,,,,,,,,,3,,,,,,,,,,,,,2,,,,,,,,,,,,,,,,,,,,23,2,5,,5,6,A2C66JWOM5BN4R,1,115|155|105|98|142,40.9420929,-90.37799835,-1
R_afrPEL2ey0V8F6Z,Default Response Set,Anonymous,,,131.215.35.171,0,12/13/2013 20:00,12/13/2013 20:02,1,4864958,1,,,,,,,,,,,,,,,,,,,,,,,,,,,,,,,,,,,,,,,,,,,,,,,,,,,,,,,,,,,,,,,,,,,,,,,,,1,,,,,,,4,,,,5,,,,,,,,,,,,,,,,,,,,,,,,6,,,,,,,,,,,,,,,,,,,,,,,,,,,,,,,,,,,,,,,,,,,,,,,,,,,,,,5,,,,,,,,,,,25,1,3,,6,8,A3URSY316O7QKA,1,110|86|75|82|164,33.78660583,-118.2986984,-1
R_1ZaloeouMU2uLlz,Default Response Set,Anonymous,,,71.234.77.34,0,12/13/2013 20:00,12/13/2013 20:03,1,4553113,1,,,,,,,,,,,,,,3,,,,,,,,,,,,,,,,,,,,,,,,,,,,,,,,,,,,,,,,,,,,,,,,,,,,,,,,,,,,,,,,,,,,,,,,,,,,,,,,,,,,,,,,,,,,,,,,,6,,,,,,,7,,,,,,,,,,,,,,,,,,6,,,,,,,,7,,,,,,,,,,,,,,,,,,,,,,,,,,,,,27,1,5,,4,7,13Ng8iTGYzF2fUwNnRb1iXVbKqfjsscWQW,1,138|15|113|120|146,42.17590332,-72.36419678,-1
R_1Zm0SoEjFW7j6UB,Default Response Set,Anonymous,,,24.128.47.41,0,12/13/2013 20:00,12/13/2013 20:03,1,5238336,1,,,,,,,,,,,,,,,,,,,,,,,,,,,,,,,,,,,1,,,,,,,,,,,,,,,,,,,,,,,,,,,,,,,,,,,,,,,,,,,,,,,,,,,,,,,,,,,,,,,,,,4,,,,7,,5,,,,,,,,,,,,,,,,,,,,,,,,,,,,,,,,,4,,,,,,,,,,,,,,,,,,,,,,,,,,,,,,,,,30,1,5,,5,6,A3ONYHTF4P9H6U,1,107|37|142|103|109,42.0953064,-72.32450104,-1
R_beL7c24PfaeYnjL,Default Response Set,Anonymous,,,74.141.179.199,0,12/13/2013 20:04,12/13/2013 20:06,1,7349475,1,,,,,,,4,,,,,,,,,,,,,,,,,,,,,,,,,,,,,1,,,,,,,,,,,,,,,,,,,,,,,,,,,,2,,,,,,,,,,,,,,,,,,,,,,,,,,,,,,,,,,,,,,,6,,,,,,,,,,,,,,,,,,,,,,,,5,,,,,,,,,,,,,,,,,,,,,,,,,,,,,,,,,,,,,,,,,,,,,,25,1,5,,5,7,A2Q5HZ6S3N619T,1,105|66|38|129|8,38.21609497,-85.7677002,-1
R_b4rP5niih1C9VoV,Default Response Set,Anonymous,,,75.36.138.33,0,12/13/2013 20:04,12/13/2013 20:08,1,9596422,1,,,,,,,,,,,,,,,,,,,5,,,,,,,,,,,,,,,,,,,,,,,,,,,,,,,,,,,,,,,,,,,,,,,,,,,,,,,,,,,,,,,,,,,,,,,,,,,,,,,,,,,,,,,,,,,,,,,,,,,,,,,,6,,,,,,,,,,,,,,5,,,6,,,,,,,,,,,,,,,,,,,,,,,,,,,,,,,,,29,1,3,,5,7,A5XWO80UO4B3M,1,142|111|125|21|139,37.54829407,-121.9886017,-1
R_cV06B5obP3tfpv7,Default Response Set,Anonymous,,,129.2.225.211,0,12/13/2013 20:07,12/13/2013 20:09,1,5030140,1,,4,,,,2,,,,,,,,,,,,,,,,,,,,,3,,,,,,,,,,,,,,,,,,,,,,,,,,,,,,,,,,,,,4,,,,,,,,,,,,,,,,,,,,,,,,,,,,,,,,,,,,,,,,,,,,,,,,,,,,,,,,,,,,,,,,,,,,,,,,,,,,,,,,,,,,,,,,,,,,,,6,,,,,,,,,,,,,,,21,1,5,,4,6,A1UJBIY5017FNZ,1,29|66|7|160|3,38.98069763,-76.93689728,-1
R_a5IKSXAuk4z81Ux,Default Response Set,Anonymous,,,75.136.46.168,0,12/13/2013 20:06,12/13/2013 20:10,1,7544036,1,,,,,,,,,,,,,,,,,,,,,,,,,,,,,,,,,,,,,,,,2,,,,,5,,,,,,,,,,,,,,,,,,,4,,,,,,,,,,,,,,,,,,,,,,,,,,,,,,,,,,,,,,,,,,,,,,,,,,,,,,,,,,,,,,,,,,,,,,,,,,6,,,,,,,6,,,,,,,,,,,,,,,,,,,,,,,,,,,,27,1,5,,4,4,A1XUGKZF5D1OSQ,1,140|42|47|147|66,36.22219849,-83.32369995,-1
R_dna1EGSVsnAQVx3,Default Response Set,Anonymous,,,208.88.32.4,0,12/13/2013 20:09,12/13/2013 20:11,1,7614900,1,,,,,3,,,,,,,,,,,,,,,,,,,,,,,,,,,,,,,,,,,,,,5,,,,,,,,,,,,,,,,,,,,,,,,,,,,,,,,,,,,,,,,,,,,,,,,,,,,,,,,,,,,,,,,,,,,,,,,,,,6,,,,,,4,,,,,,,,,,,,,,,,,,6,,,,,,,,,,,,,,,,,,,,,,,,,,,,,,,26,1,5,,5,6,AMYUZHNGORSY0,1,120|144|6|126|45,45.48710632,-122.8036957,-1
R_cAVoFyjuIQTZx6B,Default Response Set,Anonymous,,,24.192.244.187,0,12/13/2013 20:11,12/13/2013 20:13,1,5406622,1,,,,,,,,,,,,,,,,,,,,,,,,,,,,2,,,,,,6,,,,,,,,,,,,,,,,,,,,,,,,,,,,,,,,,,,,,,,,,,,,,,,,,,,,,,,,5,,,,,,,,,,,,,,,,,,,,,,,,,,,,,,,,,,,,,,,,,,,,,,,,,,,,,,,,,,,,,,,,,,,,6,,,,5,,,,,,,,,,,25,1,5,,4,8,AUWF2ZQVOY97G,1,36|30|164|160|92,42.5052948,-83.10520172,-1
R_0xGMqBAWl0c4bWd,Default Response Set,Anonymous,,,184.101.13.116,0,12/13/2013 20:18,12/13/2013 20:23,1,2482849,1,,,,,,,,,,,,,,,,,,,,,,,,,,,,,,,,,,,,3,,,,,,,,,,,,,,,,,,,,,,,,,,,,,,,,,,,,,,,,,,,,,,,,,,,,,,,,,,,,,,,,,,,3,,,,,,,,,,,,,2,,,,,,,,,,,,,,,3,,,,,,,,,,,,,,,,,,,,,,,,,,,,,,,,,,,2,,,,,,,36,2,5,,5,7,A3G55RJTW3BSGM,1,38|133|168|118|105,33.53860474,-112.185997,-1
R_eYgGDPUrsMVAOe9,Default Response Set,Anonymous,,,50.126.143.190,0,12/13/2013 20:22,12/13/2013 20:24,1,9342832,1,,,,,,,,,,,,,,,,,,,,,,,,,,,,,,,,,,,,,,,,,,,,,,,,,,,,,,,2,,,,3,,,,,,,,,,,,,,,,,,,,,,,,,,,,,,,,,,,,,,,,,,,,,,,,,,,,,,,6,,,,,,,,,,,,,,,,,,,,,,,,,,6,,,,,,,,,,,,,,,,,,,,,,,,,,,,,,,6,,18,1,3,,4,4,A2KJLLNNYR65X7,1,142|61|116|57|173,38.44119263,-121.3063965,-1
R_ddp5m6TH6cXS1DL,Default Response Set,Anonymous,,,99.26.120.146,0,12/13/2013 19:34,12/13/2013 21:32,1,7804397,1,,,,,,,,2,,,,,,,,,,,,,,,,,,,6,,,,,,,,,,,,,,,,,,,,,,,,,,,,,,,,,,,,6,,,,,,,,,,,,,,,,,,,,,,,,,,,,,,,,,,,,,,,,,,,,,,,,,,,,,,,,,,,,,,,,,,,,,,,,,,,,,,4,,,,,,,,,,,,,,,,,,,4,,,,,,,,,,,,,47,2,2,,5,4,A2ZME0B513S2Y5,1,29|65|162|143|9,32.88969421,-117.1335983,-1
R_cO0J9zCYYZM41bT,Default Response Set,Anonymous,,,71.201.191.226,0,12/15/2013 15:24,12/15/2013 15:27,1,8944503,1,,,,,,,,,,3,,,,,,,,,,5,,,,,,,,,,,,6,,,,,,,,,,2,,,,,,,,,,,,,,,,,,,,,,,,,,,,,,,,,,,,,,,,,,,,,,,,,,,,,,,,,,,,,,,,,,,,,,,,,,,,,,,,,,,,,,,,,,,,,,,,,,,,,,,,,,,,,,,,,,,,,,,,,,,,,,6,,,,,36,1,5,,5,7,A1W7NEHKLKU0P,1,34|11|44|170|22,41.9223938,-87.65239716,-1
R_2izL6DAjlKMinhX,Default Response Set,Anonymous,,,108.237.90.54,0,12/15/2013 15:25,12/15/2013 15:28,1,6670813,1,,,,,,,,,,,,,,,,,,,,,,,,,,2,,,,,,,,,,,,,,,,,,,,,,,,,,,,,,,,,,,,,,,,,,,,,,,,,,,,,4,,,,,,,,,,,5,,,,,,,,,,,,,,,,,,,,,,,,,,,,,,,,,,,,,,,,,,,,,,,,,,,,,,,,,,,6,,,,,,,,,,,,,,,,,,,7,,,,,33,2,5,,4,7,A3M90ODXPVSUNV,1,81|170|92|28|151,39.07209778,-94.45030212,-1
R_2gVDZ7XitnO3IBn,Default Response Set,Anonymous,,,98.216.86.25,0,12/15/2013 15:26,12/15/2013 15:30,1,3420394,1,,,,,,,,,,1,,,,,,,,,,,,,,,,,,,,,,,,,,,,,,,,,,,,,,,,,,,,,,,,,,,,,,,,,,,,,,,,,6,,,5,,,,,,,,7,,,,,,,,,,,,,,,,,,6,,,,,,,,,,,,,,,,,,,,,,,,,,,,,,,,,,,,,,,,,,,,,,,,,,,,,,,,,,,,,,,,,,,,,45,2,5,,5,7,A3HTLXAPOBCVVO,1,77|11|88|80|106,42.16630554,-71.36119843,-1
R_dcd9LKPcprwZQ9L,Default Response Set,Anonymous,,,71.168.100.118,0,12/15/2013 15:24,12/15/2013 15:30,1,1776231,1,,,,,,,,,,,,,,,,,,,,,,,,,,,,,,,,,,,,,,,,,,,,,,,,,,,,,,,,,,,,,,,,,,,,,,,,,,,,,7,,,,,,,,,,,,,,,,,,,,,,,,,,,,,,,,,,,,,,,,,,,,,,,,,,,,,,,,,,,,,,,,,,,,,,,,7,,,5,,,,,,,,,,,,,7,,,6,,,,,55,1,5,,4,7,AQTMYTICAXTFT,1,151|154|170|167|79,42.99560547,-71.45480347,-1
R_ermvrlOgPxPaEx7,Default Response Set,Anonymous,,,76.254.97.173,0,12/15/2013 15:31,12/15/2013 15:33,1,7339302,1,,,,,,,,,,,,,,,,,,,,,,,,,,,,,,,,,,,,,,,,,,,,,,,,,,,,,,,,,,,,,,,,,,,,,,,,,,,,4,,,,,,,,,,,,,,,,,2,,,,,,,,,,,,,,4,,,,5,,,,,,,,,,,,,,,,,,,,,,,,,,,,,,,,,,,,,,,,,,,,,,,,,,,,5,,,,,,,,,,27,2,5,,5,8,A5IG6AWG6W638,1,95|165|78|113|109,36.79670715,-119.9295044,-1
R_0upJVvnsmb61ZMp,Default Response Set,Anonymous,,,108.65.170.237,0,12/15/2013 15:32,12/15/2013 15:33,1,1378892,1,,,,,,,,2,,,,,,,,,,,,,,,,,,,,,,,,,,,,,,,3,,,,,,,,,,,,,,,,,,,,,,,,,,,,,,,,,,,,,,,,,,,,,,,,,,,,,,,,4,,,,,,2,,,,,2,,,,,,,,,,,,,,,,,,,,,,,,,,,,,,,,,,,,,,,,,,,,,,,,,,,,,,,,,,,,,,,,,,,27,2,5,,3,6,A2YBZFSUD5OP7W,1,41|103|108|9|97,38.55740356,-121.3209991,-1
R_0IzHgEFNn5ICBCJ,Default Response Set,Anonymous,,,209.200.196.18,0,12/15/2013 15:33,12/15/2013 15:34,1,7046803,1,,,,,,,,,,,,,,,,,,,,6,,,,,,,,,,,,,,,,,,,,,,,,,,,,,,,,,,,,,,,,,,,,,,,,,,,,,,,,,,,,,,,,,,6,,,,,,,,,,,,,,,,,,7,,,,,,,,,,,,,,,,,,,,,,,,,,,7,,,,,,,,,,,,,,,,,,,,,,,,,,,,,,,,,,6,,,,,,,,26,1,5,,5,6,A341G96EYJLBKF,1,167|22|106|133|88,47.2993927,-111.344101,-1
R_1NvAekRpZCgo7UV,Default Response Set,Anonymous,,,69.118.198.255,0,12/15/2013 15:32,12/15/2013 15:34,1,3808034,1,,,,,,,,,,,,,,,,,,2,,,,,,,,,,,,,,,,,,,,,,,,,,,,,,,,,,,,,,,,,,,,,,,,,,,,,,,,,,4,4,,,,,,,,,,,,,,,,,,,,,,,,,,,,,,,,,,,,,,,,3,,,,,4,,,,,,,,,,,,,,,,,,,,,,,,,,,,,,,,,,,,,,,,,,,,,,,,,,,20,2,1,,4,7,A14MOF84FC52MB,1,124|119|79|78|19,40.72210693,-74.20120239,-1
R_aaugdsH6V3A32cJ,Default Response Set,Anonymous,,,173.20.100.146,0,12/15/2013 15:33,12/15/2013 15:34,1,2011229,1,,,,,,,,2,,,,,,,,,,,,,,,,,,,,,,,,,,,,,,,,,,,,,,,,,,,,,,4,,,,,,,,,,,,,,,,,,,,,,,,,5,,,,,,,,,,,,,,,,,,,6,,,,,,,,,,,,,,,,,,,,,,,,,,,,,,,,,,,,,,,,,,,,,,,,,,,,,,,,,,,,,,,,,,6,,,,,,,,,32,2,5,,5,8,AQ2INPVVXR1G0,1,100|81|166|56|9,41.63270569,-93.73739624,-1
R_42xyyjgkszfZwkB,Default Response Set,Anonymous,,,71.168.200.177,0,12/15/2013 15:33,12/15/2013 15:35,1,3896119,1,,,,,,,,,,,,,,,,,,,,,,,,,,,,,,,,,,,,,,,,,,,,,,,,,,,,,,,,,,,,,,,3,,,,,,,,,,,,,,,4,,,,,,,,,,,,,,,,,,,,,,,,,,,,,,,,,,,2,,,,,,,,,,5,,,,,,,,,,,2,,,,,,,,,,,,,,,,,,,,,,,,,,,,,,,,,,,,,,,25,1,3,,4,6,APZEIAO75NCHM,1,65|125|80|136|115,39.99429321,-74.79180145,-1
R_3TKzLEL3PAepZ5z,Default Response Set,Anonymous,,,67.165.78.61,0,12/15/2013 15:34,12/15/2013 15:35,1,5396039,1,,,,,,,,,,,,,,,,,,,,,,,,,,,,,,,4,,,,,,,,,,,,,,,,,,,,,,2,,,,,,,,,,,,,,,,,,,,,,,,,,,,,,,,,,,,,,,,5,,,,,,,,,,,,,,,,,3,,,,,,,,,,5,,,,,,,,,,,,,,,,,,,,,,,,,,,,,,,,,,,,,,,,,,,,,,,,,,,,,37,2,5,,4,6,AKATCXM6HXIU7,1,95|122|112|55|33,40.15820313,-80.25530243,-1
R_e3V7BW7KZ5zQ3Vr,Default Response Set,Anonymous,,,172.15.28.52,0,12/15/2013 15:33,12/15/2013 15:35,1,1265050,1,,,,,,2,,,,,,,,,,,5,,,,,,,,,,,,,,,,,,,,,,,,,,,,,,,,,,,,,,,,,2,,,,,,,,,,,2,,,,,,,,,,,,,,5,,,,,,,,,,,,,,,,,,,,,,,,,,,,,,,,,,,,,,,,,,,,,,,,,,,,,,,,,,,,,,,,,,,,,,,,,,,,,,,,,,,,,,,,,,25,1,5,,2,8,A166A2M31CW2C7,1,71|85|60|7|18,35.03869629,-89.92759705,-1
R_cZIRtpms7XC24Tj,Default Response Set,Anonymous,,,173.2.180.212,0,12/15/2013 15:33,12/15/2013 15:36,1,3120996,1,,,,,,,,,,,,,,,,,,,,5,,,,,,,,,,,,5,,,,,,,,,,,,,,,,,,,,,,,,,,,,,,,,,,,,,,,,,,,,,,,,,,,,,,,,,,,,,,,,,,,,,,,,,,,,,,6,,,,,,,,,,,,,,,,,,,,,,,,,,,,6,,,,,,,,,,,,,,,,,,,,,,,,,,,,4,,,,,,,24,2,1,,5,5,A3AROFXSS8WLSY,1,140|22|168|112|34,40.70350647,-73.91819763,-1
R_effEA96wvC4JBE9,Default Response Set,Anonymous,,,75.44.124.207,0,12/15/2013 15:34,12/15/2013 15:37,1,8738694,1,,,,,,,,,,,,,,,,,,,3,,,4,,,,,,,,,4,6,,,,,,,,,,,,,,,,,,,,,,,,,,,,,,,,,,,,,,,,,,,,,,,,,,,,,,,,,,,,,,,,,,,,,,,,,,,,,,4,,,,,,,,,,,,,,,,,,,,,,,,,,,,,,,,,,,,,,,,,,,,,,,,,,,,,,,,,,,,,,,26,2,5,,4,9,AVHUEZ7JYMBIS,1,34|24|112|33|21,34.3401947,-89.48329926,-1
R_bwuDGKxboJzziol,Default Response Set,Anonymous,,,71.11.218.160,0,12/15/2013 15:35,12/15/2013 15:37,1,6235984,1,,,,,,,3,,,,,,,,,,,,,,,,,,,4,,,,7,,,,,,,,,,,,,,,,,,,,,,,,,,,,,,,,,,,,,,,,,,,,,6,,,,,,,,,,,,,,,,,,,,,,,,,,,,,,,,,,,,,,,,,,,,,,,,,,,,,,,,,,,,,,,,,,,,,5,,,,,,,,,,,,,,,,,,,,,,,,,,,,,26,2,5,,5,5,A1C19XPG91AIXX,1,32|77|8|28|146,32.90240479,-97.5891037,-1
R_bkI0b8WoHS4Paq9,Default Response Set,Anonymous,,,24.12.73.139,0,12/15/2013 15:34,12/15/2013 15:37,1,7142813,1,,,,,,,,,,,,,,,,,,,,,,2,,,,,,,,,,,,,,,,,,,,4,,,,,,2,,,,,,,,,,,,,,,,,,,,3,,,,,,,,,,,,,,,,,,,,,,5,,,,,,,,,,,,,,,,,,,,,,,,,,,,,,,,,,,,,,,,,,,,,,,,,,,,,,,,,,,,,,,,,,,,,,,,,,,,,,,,,,,21,1,6,Middle Eastern,4,5,A2DJEBINMRL8AR,1,44|92|70|50|24,42.01060486,-87.66860199,-1
R_42hv2FzKmZlH1pX,Default Response Set,Anonymous,,,24.115.69.163,0,12/15/2013 15:34,12/15/2013 15:38,1,9226731,1,,,,,,,,,,,,,,,,,,,1,,,,,,,,,,,,,,,,,,,,,,,,,,,,,1,,,,,,,,,,,,,,,,,,,,,,,,,,,,,,,,,,,,,,,,,,1,,,,,,,,,,,,,,,,,,,,1,,,,,,,,,,,,,,,,,,,,,,,,,,,,,,,,,,,,,,,,,,1,,,,,,,,,,,,,,,,,,,,,21,1,3,,4,8,A9AYICE1E4D87,1,21|50|92|112|154,41.05439758,-74.61710358,-1
R_9ELoNVRcUP8qse1,Default Response Set,Anonymous,,,64.134.71.101,0,12/15/2013 15:36,12/15/2013 15:38,1,4770229,1,,,,,,,,,,,,,,,,,,,,,,,,,,,,,,,,,,,,,3,,,,,,,,,,,,,,,,,,,,,,4,,,,,,,,,,,,,,,,,,,,,,,,,,,,,,,,,,,,,,,,,,,,,,,,,,,,,,,,,,,,,,,,,,,,,,,,,,,,,,,,,,,,5,,,,,,,,,7,,,,,,,,,,,,,,,7,,,,,,25,1,5,,5,8,A3H8M155NBFE1L,1,169|61|154|145|39,40.71429443,-74.0059967,-1
R_b8W9zR6SFHOnR4h,Default Response Set,Anonymous,,,68.118.44.84,0,12/15/2013 15:33,12/15/2013 15:39,1,2103261,1,,,,,,,,,,3,,,,,,,,,,,,,,,,,,,,,,,,,,,,,,,,,,,,,,,,,,,,,,,,,,,,,,,,,,,,,,,,,,,,,,,,,,,,,,,,6,,,,,,,,,,,,,,,,,,,,,,,4,,,,,,,,,,5,,6,,,,,,,,,,,,,,,,,,,,,,,,,,,,,,,,,,,,,,,,,,,,,,,,59,2,5,,4,9,A2RB4WF5CDMEL9,1,11|127|125|92|115,42.13859558,-124.2463989,-1
R_afMw1tj7gOxAMlv,Default Response Set,Anonymous,,,98.215.79.41,0,12/15/2013 15:36,12/15/2013 15:39,1,4001151,1,,,,,,,5,,,,,,,,,,,,,,,,,,,,,,,,,,,,,,,,,,,,,,,,,,,4,,,,,,,,,,,,,,,,,,,,,,,,,,,,,,,,,,6,,,,,,,,,,,,,,,,,,,,,,,,,,,,,,,,,,,,,,,,,,,7,,,,,,,,,,,,,,,,,6,,,,,,,,,,,,,,,,,,,,,,,,,,,,,30,1,5,,2,8,A3HNEYFOIJWPH1,1,129|86|146|8|52,41.54800415,-87.45639801,-1
R_6yf3VvozR2i8lPn,Default Response Set,Anonymous,,,68.227.105.122,0,12/15/2013 15:38,12/15/2013 15:41,1,3458346,1,,,,,,,,,,,,,,,,,,,,,,,,,,,,,,,,,,,,,,,,,,,,,,,,,,,,,,,,,,,,,,,,,,,5,,,,,,,,,,,,,,,,4,,,,,,,,,,,,,,5,,,,,,,,,,,,,,,,,,,,,,,,,,,,,,,,,,,,,,,,,,,,,,,,,6,,,,,5,,,,,,,,,,,,,,,,,,,,,,27,1,5,,5,5,A1QG5OORJTV3GK,1,69|153|99|85|148,35.61650085,-97.47889709,-1
R_6xIe3fKphVt4zpX,Default Response Set,Anonymous,,,76.177.204.57,0,12/15/2013 15:40,12/15/2013 15:42,1,9834897,1,,,,,,,,,,,,,,,,,,,,,,,,,,4,,,,,,,,,,,,,,,,,,,,,,,,,,,,,,,,4,,,,,,,,,,,,,,,,,,6,,,,,,,,,,,,,,,,,,,,,,,,,,,,6,,,,,,,,,,,,,,,,,,,,,,,,,,,,,,,,,,,,,,,,,5,,,,,,,,,,,,,,,,,,,,,,,,,,,,26,2,5,,5,6,A2QH1BQA6GR48O,1,147|28|106|60|78,37.645401,-84.81710052,-1
R_eeNsUSSzI9WKa5T,Default Response Set,Anonymous,,,72.89.82.48,0,12/15/2013 15:37,12/15/2013 15:42,1,5441831,1,,,,,,,,,,,,,,,,,,,,,,,,,,,,,,,,,5,,,,,,,,,,,,,,,,,,,,,,,,,,2,,,,,,,,,,,,,,,,,,,,,,,,,,,,,,,,,,,,,,,,,,,,,,,2,,,,,,,,,,,,,,,,,,,,,,,,,,,,4,,,,,,,,,,,,,,,,,,,,,,,,,6,,,,,,,,,,,,,,33,1,5,,5,7,A1NMKXK04PZ6KK,1,161|136|61|108|35,40.5749054,-73.84459686,-1
R_e4cdCoizCMDfno1,Default Response Set,Anonymous,,,207.197.52.45,0,12/15/2013 15:47,12/15/2013 15:49,1,7227792,1,,,,,,,,,,,,,,,,,,,,,,,,,,,,,,,,,,,,,,,,,,,,,,,,,,,,,,,,,,,,,,,,,,,,,,,2,,,,,,,,,,,,,,,6,,,,,,,,,,,,,,,,,,,,,,,,,,,,,,,,,,,,,,,,,,,,2,,,,,4,,,,,,,,,,,,,,,,,,,,,,,,,,,,1,,,,,,,,,,19,2,5,,4,7,ANCT3DDB03V5W,1,73|88|165|132|137,39.52960205,-119.813797,-1
R_3sBQGrwLzXHc2ot,Default Response Set,Anonymous,,,71.192.166.15,0,12/13/2013 19:07,12/13/2013 19:07,0,8083233,1,,,,,,,,,,,,,,,,,,,,,,,,,,,,,,,,,,,,,,,,,,,,,,,,,,,,,,,,,,,,,,,,,,,,,,,,,,,,,,,,,,,,,,,,,,,,,,,,,,,,,,,,,,,,,,,,,,,,,,,,,,,,,,,,,,,,,,,,,,,,,,,,,,,,,,,,,,,,,,,,,,,,,,,,,,,,,,,,,,,,,156|137|18|88|31,,,-1
R_3n1bO7Vdprqp3Vj,Default Response Set,Anonymous,,,68.192.7.74,0,12/13/2013 19:18,12/13/2013 19:25,0,9815149,1,,,,,,,,,3,,,,,,,,,,,,,,,,,,,,,,,,,,,,,,,,,,,,,,,,,,,,,,,,,,,,,,,,,,,,,6,,,,,,,,,,,,6,,,,,,,,,,,,,,,,,,,,,,,,,,,,,,,,,,,,,,,,,,,,,,,,,,,,,,,,,,,,,,,,,,,,,,,,,,,,,,,,,6,6,,,,,,,,,24,2,1,,5,4,,,165|10|72|166|84,,,-1
R_3JcsvYkkxYqsnSR,Default Response Set,Anonymous,,,68.175.20.61,0,12/13/2013 19:34,12/13/2013 19:34,0,8593780,1,,,,,,,,,,,,,,,,,,,,,,,,,,,,,,,,,,,,,,,,,,,,,,,,,,,,,,,,,,,,,,,,,,,,,,,,,,,,,,,,,,,,,,,,,,,,,,,,,,,,,,,,,,,,,,,,,,,,,,,,,,,,,,,,,,,,,,,,,,,,,,,,,,,,,,,,,,,,,,,,,,,,,,,,,,,,,,,,,,,,,22|71|120|147|8,,,-1
R_dpf7XmAgxuDvUGx,Default Response Set,Anonymous,,,96.58.220.188,0,12/13/2013 19:19,12/13/2013 19:36,0,1287519,1,,,,,,,,,,,,,,,,,,,,,,,,,,,,,,,,7,,,,,,,,,,,,,,,,,,,,,,,,,,,,,,,,,,,,,,,6,,,,4,,,4,,,,,,,,,,,,,,,,,,,,,,,,,,,,,,,,,,,,,,,,,,,,,,,,,,,,,,,,,,,,,,,,,,,,,,,,,,,,,,,,,,,,,,,,,,,,,,,,,,,,,,,80|77|73|34|22,,,-1
R_e4YNKP4n0gzbcHP,Default Response Set,Anonymous,,,68.51.39.105,0,12/13/2013 19:53,12/13/2013 19:57,0,2523663,1,,,3,,,,,,,,,,,,,,,,,,,,,,,,,,,,,,,,,,,,,,,,,,,,,,,,,,,,,,,,,,,,,,,,,,,,,,,,,,,,,,,,,,,,,,,,,,,,,,,,,5,,,,,,,,,,,,,,,,,,,,,,,,,,,,,,,,,,,,,,,,,,,,,,,,7,,,,,7,,,,,,,,,,,,,3,,,,,,,36,2,1,,4,4,,,168|102|4|150|155,,,-1
R_1N6YdEmjHr2qU0l,Default Response Set,Anonymous,,,108.237.4.33,0,12/13/2013 19:59,12/13/2013 20:00,0,1935605,1,,,,,,,,,,,,,,,,,,,,,,,,,,,,,,,,,,6,,,,,,,,,,,,,,,,,,,,,,,,,,,,,,,,,,,,,,,,,,,,,,,,,,,,,,,,,,,,,,,,,,,,,,,,,,,,,,,,,,,,,,,,,,,,,,,,,,,,,,,,,,,,,,,,,,,,,,,,,,,,,,,,,,,,,,,,,,,,,,,,,,,36|101|131|99|16,,,-1
R_2tMPwLrDDwCMN9j,Default Response Set,Anonymous,,,75.36.138.33,0,12/13/2013 20:05,12/13/2013 20:06,0,2748938,1,,,,,,,,,,,,,,,,,,,,,,,,,,,,,,,,,7,,,,,,,,,,,,,,,,,,,,,,,,,,,,,,,,,,,,,,,,,6,,,,,,,,,,,,,,,,,,,,,,,5,,,,6,,,,,,,,,,,,,,,,,,,,,,,,,,,,,,,,,,,,,,,,,,,,,,,,,,,,,,,,,,,,,,,,,,,,,,,,,,,,,,,,103|35|99|76|148,,,-1
R_5BWQrEwesywd4nH,Default Response Set,Anonymous,,,108.239.241.47,0,12/15/2013 15:31,12/15/2013 15:31,0,5837808,1,,,,,,,,,,,,,,,,,,,,,,,,,,,,,,,,,,,,,,,,,,,,,,,,,,,,,,,,,,,,,,,,,,,,,,,,,,,,,,,,,,,,,,,,,,,,,,,,,,,,,,,,,,,,,,,,,,,,,,,,,,,,,,,,,,,,,,,,,,,,,,,,,,,,,,,,,,,,,,,,,,,,,,,,,,,,,,,,,,,,,113|80|109|78|88,,,-1
