ResponseID,V2,V3,V4,V5,V6,V7,V8,V9,V10,Consent,S_G_P_Vign,SGPTime1_1,SGPTime1_2,SGPTime1_3,SGPTime1_4,SGP_Feel,SGPTime2_1,SGPTime2_2,SGPTime2_3,SGPTime2_4,SGP_Happy,M_G_P_Vign,MGPTime1_1,MGPTime1_2,MGPTime1_3,MGPTime1_4,MGP_Feel,MGPTime2_1,MGPTime2_2,MGPTime2_3,MGPTime2_4,MGP_Happy,T_G_P_Vign,TGPTime1_1,TGPTime1_2,TGPTime1_3,TGPTime1_4,TGP_Feel,TGPTime2_1,TGPTime2_2,TGPTime2_3,TGPTime2_4,TGP_Happy,G_G_P_Vign,GGPTime1_1,GGPTime1_2,GGPTime1_3,GGPTime1_4,GGP_Feel,GGPTime2_1,GGPTime2_2,GGPTime2_3,GGPTime2_4,GGP_Happy,S_B_P_Vign,SBPTime1_1,SBPTime1_2,SBPTime1_3,SBPTime1_4,SBP_Feel,SBPTime2_1,SBPTime2_2,SBPTime2_3,SBPTime2_4,GBP_Happy,M_B_P_Vign,MBPTime1_1,MBPTime1_2,MBPTime1_3,MBPTime1_4,MBP_Feel,MBPTime2_1,MBPTime2_2,MBPTime2_3,MBPTime2_4,MBP_Happy,T_B_P_Vign,TBPTime1_1,TBPTime1_2,TBPTime1_3,TBPTime1_4,TBP_Feel,TBPTime2_1,TBPTime2_2,TBPTime2_3,TBPTime2_4,TBP_Happy,G_B_P_Vign,GBPTime1_1,GBPTime1_2,GBPTime1_3,GBPTime1_4,GBP_Feel,GBPTime2_1,GBPTime2_2,GBPTime2_3,GBPTime2_4,GBP_Happy,DemoInstr,age,gender,ethnicity,ethnicity_TEXT,education,ses,DO-BR-FL_14,DO-BL-(1)Moral,DO-BL-(2)Moral,DO-BL-(3)Moral,DO-BL-(4)Moral,DO-BL-(1)Immoral,DO-BL-(2)Immoral,DO-BL-(3)Immoral,DO-BL-(4)Immoral,LocationLatitude,LocationLongitude,LocationAccuracy
R_vUoZvSglj8yAhAl,Default Response Set,Anonymous,,,69.138.230.178,0,7/24/2016 10:19,7/24/2016 10:19,1,1,,,,,,,,,,,,,,,,,,,,,,,,,,,,,,,,,,,,,,,,,,,,,,3.848,3.971,4.848,2,,0,0,14.305,0,6,,,,,,,,,,,,,,,,,,,,,,,,,,,,,,,,,,,27,1,5,,6,6,(1) Immoral,,,,,S_B_P_Vign|SBPTime2|GBP_Happy|SBPTime1,,,,39.4019928,-76.63289642,-1
R_2fGVFSIC0wsNihg,Default Response Set,Anonymous,,,64.121.102.112,0,7/24/2016 10:19,7/24/2016 10:19,1,1,,,,,,,,,,,,,,,,,,,,,,,,,,,,,,,,,,,,,,,,,,,,,,,,,,,,,,,,,,,,,,,,,,,,2.049,2.049,3.051,1,,0,0,18.608,0,6,,,,,,,,,,,,,24,1,5,,5,8,(3) Immoral,,,,,,,T_B_P_Vign|TBPTime2|TBP_Happy|TBPTime1,,40.5901947,-75.35469818,-1
R_1hLwQDeyzQd2j1Z,Default Response Set,Anonymous,,,74.73.242.106,0,7/24/2016 10:19,7/24/2016 10:20,1,1,,,,,,,,,,,,,,,,,,,,,,,,,,,,,,,,,,,13.83,13.83,14.677,1,6,0,0,26.883,0,,,,,,,,,,,,,,,,,,,,,,,,,,,,,,,,,,,,,,,,,,,,,,,42,2,5,,5,3,(4) Moral,,,,G_G_P_Vign|GGPTime2|GGP_Feel|GGPTime1,,,,,40.71110535,-73.94689941,-1
R_XQVOn6stcn6mwHn,Default Response Set,Anonymous,,,71.224.168.242,0,7/24/2016 10:19,7/24/2016 10:20,1,1,,,,,,,,,,,,,,,,,,,,,,,,,,,,,,,,,,,,,,,,,,,,,,,,,,,,,,,,,3.59,21.379,22.465,3,7,9.14,9.14,16.215,1,,,,,,,,,,,,,,,,,,,,,,,,,23,2,3,,6,5,(2) Immoral,,,,,,M_B_P_Vign|MBPTime2|MBP_Feel|MBPTime1,,,40.12460327,-75.53849792,-1
R_3kibUJosRy3EzTy,Default Response Set,Anonymous,,,23.27.250.104,0,7/24/2016 10:19,7/24/2016 10:20,1,1,,,,,,,,,,,,,,,,,,,,,,,,,,,,,,,,,,,,,,,,,,,,,,,,,,,,,,,,,,,,,,,,,,,,32.719,32.719,37.265,1,,17.222,17.222,20.724,1,2,,,,,,,,,,,,,34,1,5,,4,6,(3) Immoral,,,,,,,T_B_P_Vign|TBPTime2|TBP_Happy|TBPTime1,,37.33869934,-121.8914032,-1
R_11dRFzYGdjE5ZD0,Default Response Set,Anonymous,,,66.66.226.165,0,7/24/2016 10:19,7/24/2016 10:20,1,1,,,,,,,,,,,,,,,,,,,,,,,,,,,,,,,,,,,,,,,,,,,,,,,,,,,,,,,,,5.263,5.263,5.926,1,7,8.451,8.451,25.606,1,,,,,,,,,,,,,,,,,,,,,,,,,50,2,5,,6,5,(2) Immoral,,,,,,M_B_P_Vign|MBPTime2|MBP_Feel|MBPTime1,,,43.12989807,-77.60820007,-1
R_1Ce7TM6ItIVonP5,Default Response Set,Anonymous,,,97.88.114.170,0,7/24/2016 10:19,7/24/2016 10:20,1,1,,6.006,8.152,8.598,3,,0,0,35.603,0,7,,,,,,,,,,,,,,,,,,,,,,,,,,,,,,,,,,,,,,,,,,,,,,,,,,,,,,,,,,,,,,,,,,,,,,,,,,,,,,,29,2,5,,5,8,(1) Moral,S_G_P_Vign|SGPTime2|SGP_Happy|SGPTime1,,,,,,,,39.04370117,-92.27140045,-1
R_2VHDBnKwKDu236h,Default Response Set,Anonymous,,,97.76.125.100,0,7/24/2016 10:19,7/24/2016 10:20,1,1,,,,,,,,,,,,,,,,,,,,,,,,,,,,,,,,,,,,,,,,,,,,,,,,,,,,,,,,,,,,,,,,,,,,,,,,,,,,,,,11.788,11.788,12.725,1,,50.745,50.745,60.532,1,6,,42,2,5,,5,8,(4) Immoral,,,,,,,,G_B_P_Vign|GBPTime2|GBP_Happy|GBPTime1,28.01460266,-82.41699982,-1
R_3MzYQlkhSBaEZIx,Default Response Set,Anonymous,,,24.15.229.35,0,7/24/2016 10:19,7/24/2016 10:20,1,1,,,,,,,,,,,,,,,,,,,,,,,,8.167,8.167,9.291,1,7,0,0,31.643,0,,,,,,,,,,,,,,,,,,,,,,,,,,,,,,,,,,,,,,,,,,,,,,,,,,,,,,,,,,43,2,5,,3,7,(3) Moral,,,T_G_P_Vign|TGPTime2|TGP_Feel|TGPTime1,,,,,,42.01519775,-87.99009705,-1
R_3PovWk5EftDCXGC,Default Response Set,Anonymous,,,68.106.51.129,0,7/24/2016 10:19,7/24/2016 10:20,1,1,,,,,,,,,,,,,,,,,,,,,,,,,,,,,,,,,,,,,,,,,,,,,,,,,,,,,,,,,,,,,,,,,,,,,,,,,,,,,,,10.654,10.654,11.509,1,7,0,0,33.92,0,,,27,2,5,,5,5,(4) Immoral,,,,,,,,G_B_P_Vign|GBPTime2|GBP_Feel|GBPTime1,33.62379456,-112.0511017,-1
R_3r2uKrd2hgl9Idt,Default Response Set,Anonymous,,,66.68.62.72,0,7/24/2016 10:20,7/24/2016 10:21,1,1,,,,,,,,,,,,,,,,,,,,,,,,,,,,,,,,,,,,,,,,,,,,,,11.186,11.186,13.067,1,,0,0,40.428,0,7,,,,,,,,,,,,,,,,,,,,,,,,,,,,,,,,,,,19,2,2,,2,7,(1) Immoral,,,,,S_B_P_Vign|SBPTime2|GBP_Happy|SBPTime1,,,,30.38400269,-97.70729828,-1
R_27rs75JKRVLOmX8,Default Response Set,Anonymous,,,98.27.244.11,0,7/24/2016 10:19,7/24/2016 10:22,1,1,,,,,,,,,,,,,18.194,18.194,18.793,1,,0,0,104.808,0,7,,,,,,,,,,,,,,,,,,,,,,,,,,,,,,,,,,,,,,,,,,,,,,,,,,,,,,,,,,,,,,,,,,,,24,2,1,,2,8,(2) Moral,,M_G_P_Vign|MGPTime2|MGP_Happy|MGPTime1,,,,,,,41.23500061,-80.49710083,-1
R_26nkmQFXGBLgI6l,Default Response Set,Anonymous,,,96.29.161.191,0,7/24/2016 10:20,7/24/2016 10:22,1,1,,,,,,,,,,,,,5.658,5.658,6.825,1,,0,0,40.608,0,7,,,,,,,,,,,,,,,,,,,,,,,,,,,,,,,,,,,,,,,,,,,,,,,,,,,,,,,,,,,,,,,,,,,,34,2,5,,4,6,(2) Moral,,M_G_P_Vign|MGPTime2|MGP_Happy|MGPTime1,,,,,,,38.06149292,-84.45659637,-1
R_1ozPEmY9lZRAQCg,Default Response Set,Anonymous,,,104.228.244.59,0,7/24/2016 10:19,7/24/2016 10:22,1,1,,,,,,,,,,,,,,,,,,,,,,,,,,,,,,,,,,,13.056,13.056,15.181,1,5,0,0,47.195,0,,,,,,,,,,,,,,,,,,,,,,,,,,,,,,,,,,,,,,,,,,,,,,,63,1,5,,2,6,(4) Moral,,,,G_G_P_Vign|GGPTime2|GGP_Feel|GGPTime1,,,,,44.03540039,-71.13480377,-1
R_3k56osoCfOP9mLF,Default Response Set,Anonymous,,,71.54.246.209,0,7/24/2016 10:21,7/24/2016 10:23,1,1,,,,,,,,,,,,,,,,,,,,,,,,,,,,,,,,,,,,,,,,,,,,,,10.967,10.967,11.897,1,7,0,0,57.778,0,,,,,,,,,,,,,,,,,,,,,,,,,,,,,,,,,,,,22,2,5,,4,7,(1) Immoral,,,,,S_B_P_Vign|SBPTime2|SBP_Feel|SBPTime1,,,,26.62289429,-81.71289825,-1
R_1hyzM0iJmtxRtmm,Default Response Set,Anonymous,,,75.191.184.70,0,7/24/2016 10:22,7/24/2016 10:23,1,1,,,,,,,,,,,,,9.553,9.553,10.559,1,7,0,0,49.588,0,,,,,,,,,,,,,,,,,,,,,,,,,,,,,,,,,,,,,,,,,,,,,,,,,,,,,,,,,,,,,,,,,,,,,28,2,5,,4,5,(2) Moral,,M_G_P_Vign|MGPTime2|MGP_Feel|MGPTime1,,,,,,,35.05700684,-79.01470184,-1
R_29jkwEVFDTsK45Y,Default Response Set,Anonymous,,,108.237.85.210,0,7/24/2016 10:22,7/24/2016 10:24,1,1,,,,,,,,,,,,,,,,,,,,,,,,,,,,,,,,,,,,,,,,,,,,,,,,,,,,,,,,,3.228,3.228,4.95,1,,47.583,47.583,48.872,1,7,,,,,,,,,,,,,,,,,,,,,,,,53,2,5,,6,4,(2) Immoral,,,,,,M_B_P_Vign|MBPTime2|MBP_Happy|MBPTime1,,,35.46080017,-82.47149658,-1
R_3gZvPg93HDU1cXX,Default Response Set,Anonymous,,,73.45.134.80,0,7/24/2016 10:22,7/24/2016 10:24,1,1,,,,,,,,,,,,,,,,,,,,,,,,,,,,,,,,,,,7.965,7.965,9.019,1,,0,0,58.249,0,7,,,,,,,,,,,,,,,,,,,,,,,,,,,,,,,,,,,,,,,,,,,,,,30,1,5,,7,5,(4) Moral,,,,G_G_P_Vign|GGPTime2|GGP_Happy|GGPTime1,,,,,40.11250305,-88.24259949,-1
R_2uDPCdvkvxvyTgn,Default Response Set,Anonymous,,,100.15.107.56,0,7/24/2016 10:23,7/24/2016 10:24,1,1,,,,,,,,,,,,,,,,,,,,,,,,,,,,,,,,,,,,,,,,,,,,,,,,,,,,,,,,,,,,,,,,,,,,3.876,3.876,6.059,1,7,0,0,25.223,0,,,,,,,,,,,,,,38,2,5,,7,3,(3) Immoral,,,,,,,T_B_P_Vign|TBPTime2|TBP_Feel|TBPTime1,,39.05259705,-77.1210022,-1
R_PSSqNF27Mb3azMB,Default Response Set,Anonymous,,,73.192.78.12,0,7/24/2016 10:23,7/24/2016 10:24,1,1,,,,,,,,,,,,,,,,,,,,,,,,,,,,,,,,,,,,,,,,,,,,,,,,,,,,,,,,,,,,,,,,,,,,13.179,13.179,14.1,1,6,0,0,33.862,0,,,,,,,,,,,,,,54,1,5,,4,6,(3) Immoral,,,,,,,T_B_P_Vign|TBPTime2|TBP_Feel|TBPTime1,,31.31469727,-81.52220154,-1
R_2PnXLhKY0PgNNWO,Default Response Set,Anonymous,,,24.178.26.220,0,7/24/2016 10:23,7/24/2016 10:25,1,1,,,,,,,,,,,,,,,,,,,,,,,,,,,,,,,,,,,,,,,,,,,,,,,,,,,,,,,,,,,,,,,,,,,,,,,,,,,,,,,3.43,4.828,16.797,2,,0,0,40.338,0,4,,23,1,5,,5,6,(4) Immoral,,,,,,,,G_B_P_Vign|GBPTime2|GBP_Happy|GBPTime1,43.02079773,-89.36000061,-1
R_1QAzEDSqOxAcPMz,Default Response Set,Anonymous,,,209.94.180.3,0,7/24/2016 10:23,7/24/2016 10:25,1,1,,,,,,,,,,,,,,,,,,,,,,,,,,,,,,,,,,,,,,,,,,,,,,9.952,9.952,10.653,1,7,0,0,36.268,0,,,,,,,,,,,,,,,,,,,,,,,,,,,,,,,,,,,,36,2,5,,5,5,(1) Immoral,,,,,S_B_P_Vign|SBPTime2|SBP_Feel|SBPTime1,,,,44.11599731,-89.59179688,-1
R_1giSA9k1o4FTXVc,Default Response Set,Anonymous,,,75.176.10.200,0,7/24/2016 10:23,7/24/2016 10:25,1,1,,11.568,11.568,12.885,1,,0,0,68.631,0,7,,,,,,,,,,,,,,,,,,,,,,,,,,,,,,,,,,,,,,,,,,,,,,,,,,,,,,,,,,,,,,,,,,,,,,,,,,,,,,,55,2,5,,4,6,(1) Moral,S_G_P_Vign|SGPTime2|SGP_Happy|SGPTime1,,,,,,,,35.40339661,-80.86109924,-1
R_2w1yzZh4tWINbf3,Default Response Set,Anonymous,,,107.10.72.201,0,7/24/2016 10:23,7/24/2016 10:25,1,1,,7.848,7.848,8.964,1,7,0,0,41.178,0,,,,,,,,,,,,,,,,,,,,,,,,,,,,,,,,,,,,,,,,,,,,,,,,,,,,,,,,,,,,,,,,,,,,,,,,,,,,,,,,28,2,5,,6,5,(1) Moral,S_G_P_Vign|SGPTime2|SGP_Feel|SGPTime1,,,,,,,,44.34829712,-88.25669861,-1
R_1PbMBSBObK8gsSG,Default Response Set,Anonymous,,,73.106.77.62,0,7/24/2016 10:24,7/24/2016 10:25,1,1,,,,,,,,,,,,,,,,,,,,,,,,7.962,7.962,8.662,1,,0,0,30.685,0,7,,,,,,,,,,,,,,,,,,,,,,,,,,,,,,,,,,,,,,,,,,,,,,,,,,,,,,,,,39,2,1,,5,5,(3) Moral,,,T_G_P_Vign|TGPTime2|TGP_Happy|TGPTime1,,,,,,34.12680054,-84.5739975,-1
R_1mmZcxy2yYrI3VF,Default Response Set,Anonymous,,,172.1.120.35,0,7/24/2016 10:23,7/24/2016 10:25,1,1,,,,,,,,,,,,,,,,,,,,,,,,14.422,14.78,15.739,2,7,0,0,50.087,0,,,,,,,,,,,,,,,,,,,,,,,,,,,,,,,,,,,,,,,,,,,,,,,,,,,,,,,,,,30,2,3,,4,6,(3) Moral,,,T_G_P_Vign|TGPTime2|TGP_Feel|TGPTime1,,,,,,33.81880188,-118.0377045,-1
R_cD7LMzyp2wzWpvL,Default Response Set,Anonymous,,,73.101.67.25,0,7/24/2016 10:24,7/24/2016 10:25,1,1,,,,,,,,,,,,,,,,,,,,,,,,,,,,,,,,,,,,,,,,,,,,,,,,,,,,,,,,,,,,,,,,,,,,,,,,,,,,,,,14.113,14.113,16.503,1,6,0,0,38.073,0,,,46,1,5,,4,5,(4) Immoral,,,,,,,,G_B_P_Vign|GBPTime2|GBP_Feel|GBPTime1,40.33770752,-75.97689819,-1
R_2S652pG1Dr48FF2,Default Response Set,Anonymous,,,69.253.126.9,0,7/24/2016 10:24,7/24/2016 10:26,1,1,,,,,,,,,,,,,,,,,,,,,,,,,,,,,,,,,,,,,,,,,,,,,,,,,,,,,,,,,2.536,2.536,8.156,1,7,0,0,74.041,0,,,,,,,,,,,,,,,,,,,,,,,,,34,1,5,,6,5,(2) Immoral,,,,,,M_B_P_Vign|MBPTime2|MBP_Feel|MBPTime1,,,39.93890381,-75.18470001,-1
R_3gY2H13z9TuHJZL,Default Response Set,Anonymous,,,68.195.39.99,0,7/24/2016 10:25,7/24/2016 10:26,1,1,,,,,,,,,,,,,,,,,,,,,,,,,,,,,,,,,,,,,,,,,,,,,,,,,,,,,,,,,3.59,3.59,4.731,1,,0,0,25.415,0,7,,,,,,,,,,,,,,,,,,,,,,,,30,1,5,,5,5,(2) Immoral,,,,,,M_B_P_Vign|MBPTime2|MBP_Happy|MBPTime1,,,40.89920044,-72.8832016,-1
R_2wHsGXSEoJB8Pth,Default Response Set,Anonymous,,,24.20.117.194,0,7/24/2016 10:24,7/24/2016 10:26,1,1,,,,,,,,,,,,,9.512,9.512,10.399,1,,0,0,54.352,0,6,,,,,,,,,,,,,,,,,,,,,,,,,,,,,,,,,,,,,,,,,,,,,,,,,,,,,,,,,,,,,,,,,,,,51,1,5,,5,7,(2) Moral,,M_G_P_Vign|MGPTime2|MGP_Happy|MGPTime1,,,,,,,44.04859924,-123.219696,-1
R_3OkPq97vl7k1bEK,Default Response Set,Anonymous,,,65.79.144.190,0,7/24/2016 10:25,7/24/2016 10:26,1,1,,,,,,,,,,,,,,,,,,,,,,,,,,,,,,,,,,,,,,,,,,,,,,5.333,5.333,9.979,1,,0,0,35.183,0,5,,,,,,,,,,,,,,,,,,,,,,,,,,,,,,,,,,,67,1,5,,4,8,(1) Immoral,,,,,S_B_P_Vign|SBPTime2|GBP_Happy|SBPTime1,,,,41.95599365,-87.66069794,-1
R_XG7liXuhHn4micN,Default Response Set,Anonymous,,,71.199.254.187,0,7/24/2016 10:24,7/24/2016 10:26,1,1,,,,,,,,,,,,,,,,,,,,,,,,,,,,,,,,,,,,,,,,,,,,,,,,,,,,,,,,,,,,,,,,,,,,,,,,,,,,,,,17.41,17.41,18.217,1,6,0,0,68.514,0,,,46,1,5,,6,5,(4) Immoral,,,,,,,,G_B_P_Vign|GBPTime2|GBP_Feel|GBPTime1,30.09660339,-81.71900177,-1
R_1eLhRzozhMibJnX,Default Response Set,Anonymous,,,107.2.102.242,0,7/24/2016 10:25,7/24/2016 10:27,1,1,,,,,,,,,,,,,,,,,,,,,,,,,,,,,,,,,,,16.137,16.137,17.649,1,,0,0,40.85,0,6,,,,,,,,,,,,,,,,,,,,,,,,,,,,,,,,,,,,,,,,,,,,,,54,1,5,,5,3,(4) Moral,,,,G_G_P_Vign|GGPTime2|GGP_Happy|GGPTime1,,,,,45.09379578,-93.00229645,-1
R_2dj9vHkUzCBMZXR,Default Response Set,Anonymous,,,67.87.138.207,0,7/24/2016 10:24,7/24/2016 10:27,1,1,,,,,,,,,,,,,,,,,,,,,,,,,,,,,,,,,,,9.219,9.219,9.804,1,7,0,0,125.376,0,,,,,,,,,,,,,,,,,,,,,,,,,,,,,,,,,,,,,,,,,,,,,,,43,2,5,,6,4,(4) Moral,,,,G_G_P_Vign|GGPTime2|GGP_Feel|GGPTime1,,,,,40.15339661,-74.03759766,-1
R_2uR7ba4x2YZLmVZ,Default Response Set,Anonymous,,,184.41.12.239,0,7/24/2016 10:25,7/24/2016 10:27,1,1,,18.903,18.903,19.789,1,7,0,0,65.165,0,,,,,,,,,,,,,,,,,,,,,,,,,,,,,,,,,,,,,,,,,,,,,,,,,,,,,,,,,,,,,,,,,,,,,,,,,,,,,,,,42,2,5,,2,7,(1) Moral,S_G_P_Vign|SGPTime2|SGP_Feel|SGPTime1,,,,,,,,35.11329651,-89.90209961,-1
R_6QXh6Rzbq9MRB2J,Default Response Set,Anonymous,,,66.87.115.179,0,7/24/2016 10:25,7/24/2016 10:27,1,1,,,,,,,,,,,,,18.495,18.495,19.097,1,7,0,0,43.739,0,,,,,,,,,,,,,,,,,,,,,,,,,,,,,,,,,,,,,,,,,,,,,,,,,,,,,,,,,,,,,,,,,,,,,34,2,5,,4,8,(2) Moral,,M_G_P_Vign|MGPTime2|MGP_Feel|MGPTime1,,,,,,,41.90150452,-85.0345993,-1
R_3qjTMIHOCVmC5Ig,Default Response Set,Anonymous,,,172.58.152.89,0,7/24/2016 10:24,7/24/2016 10:27,1,1,,,,,,,,,,,,,,,,,,,,,,,,24.701,24.701,25.69,1,,0,0,99.988,0,7,,,,,,,,,,,,,,,,,,,,,,,,,,,,,,,,,,,,,,,,,,,,,,,,,,,,,,,,,34,1,1,,2,6,(3) Moral,,,T_G_P_Vign|TGPTime2|TGP_Happy|TGPTime1,,,,,,34.63420105,-82.4210968,-1
R_3qpQOCbC9BCcrUP,Default Response Set,Anonymous,,,71.47.227.74,0,7/24/2016 10:26,7/24/2016 10:27,1,1,,,,,,,,,,,,,,,,,,,,,,,,,,,,,,,,,,,,,,,,,,,,,,,,,,,,,,,,,,,,,,,,,,,,3.949,3.949,5.279,1,,0,0,45.989,0,7,,,,,,,,,,,,,58,2,5,,4,4,(3) Immoral,,,,,,,T_B_P_Vign|TBPTime2|TBP_Happy|TBPTime1,,28.2118988,-80.75830078,-1
R_3esqlHl1Oa3Czan,Default Response Set,Anonymous,,,216.227.23.25,0,7/24/2016 10:27,7/24/2016 10:28,1,1,,,,,,,,,,,,,,,,,,,,,,,,,,,,,,,,,,,17.362,17.362,18.827,1,,4.16,4.16,5.228,1,4,,,,,,,,,,,,,,,,,,,,,,,,,,,,,,,,,,,,,,,,,,,,,,36,2,2,,5,6,(4) Moral,,,,G_G_P_Vign|GGPTime2|GGP_Happy|GGPTime1,,,,,30.28930664,-84.99069977,-1
R_1j98Kr2fV6XPLLS,Default Response Set,Anonymous,,,69.130.219.204,0,7/24/2016 10:27,7/24/2016 10:29,1,1,,34.44,34.488,35.504,2,,0,0,4.667,0,4,,,,,,,,,,,,,,,,,,,,,,,,,,,,,,,,,,,,,,,,,,,,,,,,,,,,,,,,,,,,,,,,,,,,,,,,,,,,,,,33,1,5,,2,6,(1) Moral,S_G_P_Vign|SGPTime2|SGP_Happy|SGPTime1,,,,,,,,44.50540161,-87.96659851,-1
R_3MJp43R7odwMfU6,Default Response Set,Anonymous,,,104.169.16.66,0,7/24/2016 10:27,7/24/2016 10:29,1,1,,,,,,,,,,,,,,,,,,,,,,,,,,,,,,,,,,,,,,,,,,,,,,,,,,,,,,,,,,,,,,,,,,,,10.234,10.234,11.972,1,7,0,0,69.259,0,,,,,,,,,,,,,,22,2,5,,4,8,(3) Immoral,,,,,,,T_B_P_Vign|TBPTime2|TBP_Feel|TBPTime1,,36.0355072,-78.8391037,-1
R_3PRH3yqKKMRw3tL,Default Response Set,Anonymous,,,50.34.223.198,0,7/24/2016 10:28,7/24/2016 10:29,1,1,,,,,,,,,,,,,7.458,7.458,8.513,1,7,0,0,26.39,0,,,,,,,,,,,,,,,,,,,,,,,,,,,,,,,,,,,,,,,,,,,,,,,,,,,,,,,,,,,,,,,,,,,,,29,2,5,,3,6,(2) Moral,,M_G_P_Vign|MGPTime2|MGP_Feel|MGPTime1,,,,,,,48.04310608,-122.0589981,-1
R_27I5gtYwxS5JStK,Default Response Set,Anonymous,,,96.18.140.48,0,7/24/2016 10:28,7/24/2016 10:30,1,1,,,,,,,,,,,,,,,,,,,,,,,,,,,,,,,,,,,,,,,,,,,,,,,,,,,,,,,,,,,,,,,,,,,,,,,,,,,,,,,5.954,5.954,9.001,1,,0,0,66.483,0,7,,45,2,5,,4,5,(4) Immoral,,,,,,,,G_B_P_Vign|GBPTime2|GBP_Happy|GBPTime1,43.60560608,-116.5415039,-1
R_3mgxAJ9mJMv3ECt,Default Response Set,Anonymous,,,73.223.212.183,0,7/24/2016 10:28,7/24/2016 10:30,1,1,,,,,,,,,,,,,,,,,,,,,,,,,,,,,,,,,,,,,,,,,,,,,,13.053,13.053,14.178,1,,0,0,46.776,0,7,,,,,,,,,,,,,,,,,,,,,,,,,,,,,,,,,,,55,2,5,,4,4,(1) Immoral,,,,,S_B_P_Vign|SBPTime2|GBP_Happy|SBPTime1,,,,38.23469543,-122.297699,-1
R_entLk2SL8n3qnF7,Default Response Set,Anonymous,,,112.202.155.202,0,7/24/2016 10:28,7/24/2016 10:30,1,1,,,,,,,,,,,,,,,,,,,,,,,,5.104,7.481,7.815,4,7,74.304,83.848,87.253,6,,,,,,,,,,,,,,,,,,,,,,,,,,,,,,,,,,,,,,,,,,,,,,,,,,,,,,,,,,27,1,5,,5,5,(3) Moral,,,T_G_P_Vign|TGPTime2|TGP_Feel|TGPTime1,,,,,,15.63609314,119.9378967,-1
R_3ESHVjZn8rAPFye,Default Response Set,Anonymous,,,173.89.242.152,0,7/24/2016 10:31,7/24/2016 10:32,1,1,,,,,,,,,,,,,,,,,,,,,,,,,,,,,,,,,,,,,,,,,,,,,,,,,,,,,,,,,2.803,2.803,4.216,1,6,0,0,42.899,0,,,,,,,,,,,,,,,,,,,,,,,,,21,2,5,,5,5,(2) Immoral,,,,,,M_B_P_Vign|MBPTime2|MBP_Feel|MBPTime1,,,41.3605957,-84.37010193,-1
R_28MUVFJ0VRBvYTW,Default Response Set,Anonymous,,,66.108.69.104,0,7/24/2016 10:32,7/24/2016 10:33,1,1,,,,,,,,,,,,,,,,,,,,,,,,,,,,,,,,,,,,,,,,,,,,,,,,,,,,,,,,,,,,,,,,,,,,3.521,4.074,4.53,2,,0,0,18.68,0,7,,,,,,,,,,,,,27,1,2,,8,7,(3) Immoral,,,,,,,T_B_P_Vign|TBPTime2|TBP_Happy|TBPTime1,,40.71479797,-73.79389954,-1
R_2rjhfW9XZckhX6B,Default Response Set,Anonymous,,,98.225.214.135,0,7/24/2016 10:32,7/24/2016 10:33,1,1,,,,,,,,,,,,,,,,,,,,,,,,,,,,,,,,,,,2.364,2.364,3.132,1,6,1.724,5.032,8.148,8,,,,,,,,,,,,,,,,,,,,,,,,,,,,,,,,,,,,,,,,,,,,,,,18,1,3,,4,4,(4) Moral,,,,G_G_P_Vign|GGPTime2|GGP_Feel|GGPTime1,,,,,39.92390442,-75.62030029,-1
R_2RQjtTdoPaBmJLd,Default Response Set,Anonymous,,,32.219.160.46,0,7/24/2016 10:32,7/24/2016 10:34,1,1,,,,,,,,,,,,,,,,,,,,,,,,,,,,,,,,,,,,,,,,,,,,,,,,,,,,,,,,,,,,,,,,,,,,,,,,,,,,,,,10.401,10.401,11.341,1,,0,0,83.605,0,7,,34,2,5,,6,3,(4) Immoral,,,,,,,,G_B_P_Vign|GBPTime2|GBP_Happy|GBPTime1,41.7769928,-72.52359772,-1
R_3j7FEmVBcxgP8dk,Default Response Set,Anonymous,,,104.138.232.52,0,7/24/2016 10:34,7/24/2016 10:35,1,1,,6.272,7.007,7.791,2,7,0,0,18.272,0,,,,,,,,,,,,,,,,,,,,,,,,,,,,,,,,,,,,,,,,,,,,,,,,,,,,,,,,,,,,,,,,,,,,,,,,,,,,,,,,23,2,1,,5,6,(1) Moral,S_G_P_Vign|SGPTime2|SGP_Feel|SGPTime1,,,,,,,,36.00790405,-80.36969757,-1
R_3O0xaQpBJ5zaLmH,Default Response Set,Anonymous,,,73.202.108.133,0,7/24/2016 10:36,7/24/2016 10:38,1,1,,,,,,,,,,,,,,,,,,,,,,,,,,,,,,,,,,,,,,,,,,,,,,14.479,14.479,15.074,1,7,0,0,62.22,0,,,,,,,,,,,,,,,,,,,,,,,,,,,,,,,,,,,,46,2,5,,6,5,(1) Immoral,,,,,S_B_P_Vign|SBPTime2|SBP_Feel|SBPTime1,,,,37.90730286,-122.2819977,-1
R_3iPFcGPbiuJOJ6D,Default Response Set,Anonymous,,,99.121.80.99,0,7/24/2016 10:37,7/24/2016 10:38,1,1,,,,,,,,,,,,,,,,,,,,,,,,,,,,,,,,,,,,,,,,,,,,,,,,,,,,,,,,,15.864,15.864,16.685,1,,0,0,8.698,0,4,,,,,,,,,,,,,,,,,,,,,,,,59,2,5,,8,7,(2) Immoral,,,,,,M_B_P_Vign|MBPTime2|MBP_Happy|MBPTime1,,,39.59750366,-84.15599823,-1
R_xEs47qMsKlXwUN3,Default Response Set,Anonymous,,,73.8.89.242,0,7/24/2016 10:38,7/24/2016 10:39,1,1,,,,,,,,,,,,,,,,,,,,,,,,2.463,3.096,5.403,2,,8.651,17.828,35.48,2,7,,,,,,,,,,,,,,,,,,,,,,,,,,,,,,,,,,,,,,,,,,,,,,,,,,,,,,,,,30,2,5,,5,8,(3) Moral,,,T_G_P_Vign|TGPTime2|TGP_Happy|TGPTime1,,,,,,41.99679565,-87.7562027,-1
R_25RVU8YU8kQQDd6,Default Response Set,Anonymous,,,96.39.145.112,0,7/24/2016 10:39,7/24/2016 10:40,1,1,,,,,,,,,,,,,,,,,,,,,,,,,,,,,,,,,,,,,,,,,,,,,,,,,,,,,,,,,,,,,,,,,,,,,,,,,,,,,,,3.944,3.944,5.111,1,,0,0,31.86,0,7,,31,1,5,,4,10,(4) Immoral,,,,,,,,G_B_P_Vign|GBPTime2|GBP_Happy|GBPTime1,46.11070251,-118.3077011,-1
R_2E3LjHserlpprwD,Default Response Set,Anonymous,,,208.54.37.158,0,7/24/2016 10:39,7/24/2016 10:40,1,1,,8.744,8.744,9.612,1,,0,0,33.393,0,7,,,,,,,,,,,,,,,,,,,,,,,,,,,,,,,,,,,,,,,,,,,,,,,,,,,,,,,,,,,,,,,,,,,,,,,,,,,,,,,44,2,5,,5,5,(1) Moral,S_G_P_Vign|SGPTime2|SGP_Happy|SGPTime1,,,,,,,,40.66949463,-73.87259674,-1
R_1KehCZoGTljrinP,Default Response Set,Anonymous,,,160.3.16.57,0,7/24/2016 10:39,7/24/2016 10:41,1,1,,,,,,,,,,,,,,,,,,,,,,,,,,,,,,,,,,,8.325,8.325,9.803,1,7,0,0,43.868,0,,,,,,,,,,,,,,,,,,,,,,,,,,,,,,,,,,,,,,,,,,,,,,,37,2,5,,4,7,(4) Moral,,,,G_G_P_Vign|GGPTime2|GGP_Feel|GGPTime1,,,,,34.18940735,-97.16030121,-1
R_278936N7KkNTp13,Default Response Set,Anonymous,,,98.239.126.34,0,7/24/2016 10:39,7/24/2016 10:41,1,1,,,,,,,,,,,,,,,,,,,,,,,,,,,,,,,,,,,,,,,,,,,,,,,,,,,,,,,,,25.207,25.207,27.337,1,,42.387,71.766,74.942,4,7,,,,,,,,,,,,,,,,,,,,,,,,55,2,5,,3,6,(2) Immoral,,,,,,M_B_P_Vign|MBPTime2|MBP_Happy|MBPTime1,,,36.37690735,-119.1844025,-1
R_3eghyzMjEck1dVh,Default Response Set,Anonymous,,,174.25.16.126,0,7/24/2016 10:41,7/24/2016 10:42,1,1,,,,,,,,,,,,,,,,,,,,,,,,8.487,8.487,10.111,1,7,0,0,28.384,0,,,,,,,,,,,,,,,,,,,,,,,,,,,,,,,,,,,,,,,,,,,,,,,,,,,,,,,,,,48,2,5,,6,6,(3) Moral,,,T_G_P_Vign|TGPTime2|TGP_Feel|TGPTime1,,,,,,45.46769714,-122.4958954,-1
R_2zeBVwsMgUb4Dyc,Default Response Set,Anonymous,,,74.136.161.167,0,7/24/2016 10:41,7/24/2016 10:43,1,1,,,,,,,,,,,,,,,,,,,,,,,,,,,,,,,,,,,,,,,,,,,,,,,,,,,,,,,,,,,,,,,,,,,,32.765,32.765,33.882,1,6,0,0,49.197,0,,,,,,,,,,,,,,34,2,5,,2,5,(3) Immoral,,,,,,,T_B_P_Vign|TBPTime2|TBP_Feel|TBPTime1,,36.91990662,-84.16790009,-1
R_2qpWyhmml8JcrXL,Default Response Set,Anonymous,,,97.125.190.76,0,7/24/2016 10:42,7/24/2016 10:44,1,1,,,,,,,,,,,,,,,,,,,,,,,,,,,,,,,,,,,,,,,,,,,,,,9.253,9.253,17.229,1,7,5.813,5.813,49.898,1,,,,,,,,,,,,,,,,,,,,,,,,,,,,,,,,,,,,58,2,5,,4,5,(1) Immoral,,,,,S_B_P_Vign|SBPTime2|SBP_Feel|SBPTime1,,,,41.72479248,-93.60169983,-1
R_4Hs9c6nXDuQm20V,Default Response Set,Anonymous,,,66.41.67.52,0,7/24/2016 10:43,7/24/2016 10:45,1,1,,,,,,,,,,,,,4.688,4.688,6.077,1,7,0,0,73.418,0,,,,,,,,,,,,,,,,,,,,,,,,,,,,,,,,,,,,,,,,,,,,,,,,,,,,,,,,,,,,,,,,,,,,,63,2,5,,4,9,(2) Moral,,M_G_P_Vign|MGPTime2|MGP_Feel|MGPTime1,,,,,,,45.01019287,-93.34279633,-1
R_RgKIYoiaiwLZRRv,Default Response Set,Anonymous,,,72.15.110.13,0,7/24/2016 10:35,7/24/2016 10:45,1,1,,,,,,,,,,,,,15.884,15.884,17.448,1,,0,0,66.327,0,7,,,,,,,,,,,,,,,,,,,,,,,,,,,,,,,,,,,,,,,,,,,,,,,,,,,,,,,,,,,,,,,,,,,,40,2,5,,5,6,(2) Moral,,M_G_P_Vign|MGPTime2|MGP_Happy|MGPTime1,,,,,,,33.37339783,-84.85410309,-1
R_2yfSgl1l21lnloY,Default Response Set,Anonymous,,,71.91.189.11,0,7/24/2016 10:43,7/24/2016 10:46,1,1,,,,,,,,,,,,,,,,,,,,,,,,11.052,11.052,12.067,1,,0,0,63.898,0,7,,,,,,,,,,,,,,,,,,,,,,,,,,,,,,,,,,,,,,,,,,,,,,,,,,,,,,,,,29,2,5,,4,6,(3) Moral,,,T_G_P_Vign|TGPTime2|TGP_Happy|TGPTime1,,,,,,32.28469849,-97.53919983,-1
R_1I4pmPJGSpDlQpR,Default Response Set,Anonymous,,,68.10.79.171,0,7/24/2016 10:45,7/24/2016 10:46,1,1,,8.829,10.149,10.66,2,,0,0,33.854,0,7,,,,,,,,,,,,,,,,,,,,,,,,,,,,,,,,,,,,,,,,,,,,,,,,,,,,,,,,,,,,,,,,,,,,,,,,,,,,,,,45,1,5,,3,6,(1) Moral,S_G_P_Vign|SGPTime2|SGP_Happy|SGPTime1,,,,,,,,37.05709839,-76.4618988,-1
R_1FQzAqwKhtEjGsO,Default Response Set,Anonymous,,,72.241.243.16,0,7/24/2016 10:48,7/24/2016 10:48,1,1,,,,,,,,,,,,,,,,,,,,,,,,,,,,,,,,,,,,,,,,,,,,,,,,,,,,,,,,,4.44,4.44,5.481,1,5,0,0,1.555,0,,,,,,,,,,,,,,,,,,,,,,,,,23,1,5,,4,8,(2) Immoral,,,,,,M_B_P_Vign|MBPTime2|MBP_Feel|MBPTime1,,,41.65640259,-83.50830078,-1
R_2azuVHB2czOiLU1,Default Response Set,Anonymous,,,68.48.133.174,0,7/24/2016 10:47,7/24/2016 10:48,1,1,,,,,,,,,,,,,,,,,,,,,,,,,,,,,,,,,,,,,,,,,,,,,,,,,,,,,,,,,,,,,,,,,,,,,,,,,,,,,,,7.963,8.654,9.134,2,6,0,0,34.783,0,,,35,2,5,,5,5,(4) Immoral,,,,,,,,G_B_P_Vign|GBPTime2|GBP_Feel|GBPTime1,42.95359802,-85.6576004,-1
R_tPv2iZHDXoqOlfb,Default Response Set,Anonymous,,,72.48.2.96,0,7/24/2016 10:48,7/24/2016 10:49,1,1,,,,,,,,,,,,,7.922,7.922,10.858,1,,0,0,44.048,0,7,,,,,,,,,,,,,,,,,,,,,,,,,,,,,,,,,,,,,,,,,,,,,,,,,,,,,,,,,,,,,,,,,,,,57,2,5,,2,8,(2) Moral,,M_G_P_Vign|MGPTime2|MGP_Happy|MGPTime1,,,,,,,31.04499817,-97.50869751,-1
R_3HzC9YBcF7k0Qgs,Default Response Set,Anonymous,,,24.177.252.65,0,7/24/2016 10:49,7/24/2016 10:51,1,1,,,,,,,,,,,,,,,,,,,,,,,,,,,,,,,,,,,34.736,34.736,35.727,1,,0,0,15.038,0,7,,,,,,,,,,,,,,,,,,,,,,,,,,,,,,,,,,,,,,,,,,,,,,32,1,5,,4,5,(4) Moral,,,,G_G_P_Vign|GGPTime2|GGP_Happy|GGPTime1,,,,,42.19259644,-72.45980072,-1
R_D2bbmqdraPOkpQR,Default Response Set,Anonymous,,,68.52.176.37,0,7/24/2016 10:50,7/24/2016 10:51,1,1,,,,,,,,,,,,,,,,,,,,,,,,,,,,,,,,,,,,,,,,,,,,,,,,,,,,,,,,,,,,,,,,,,,,11.805,11.805,12.989,1,,0,0,35.063,0,7,,,,,,,,,,,,,28,1,5,,7,5,(3) Immoral,,,,,,,T_B_P_Vign|TBPTime2|TBP_Happy|TBPTime1,,36.08540344,-86.83779907,-1
R_2UiuVpfPYlDnBWA,Default Response Set,Anonymous,,,75.128.223.75,0,7/24/2016 10:51,7/24/2016 10:52,1,1,,,,,,,,,,,,,,,,,,,,,,,,,,,,,,,,,,,,,,,,,,,,,,6.562,6.562,7.823,1,,0,0,26.23,0,6,,,,,,,,,,,,,,,,,,,,,,,,,,,,,,,,,,,32,1,5,,5,7,(1) Immoral,,,,,S_B_P_Vign|SBPTime2|GBP_Happy|SBPTime1,,,,45.10270691,-89.19100189,-1
R_2cupzDj1efGHHhW,Default Response Set,Anonymous,,,67.245.168.189,0,7/24/2016 10:50,7/24/2016 10:53,1,1,,,,,,,,,,,,,,,,,,,,,,,,,,,,,,,,,,,,,,,,,,,,,,11.056,11.056,11.604,1,,0,0,95.44,0,7,,,,,,,,,,,,,,,,,,,,,,,,,,,,,,,,,,,43,2,5,,4,7,(1) Immoral,,,,,S_B_P_Vign|SBPTime2|GBP_Happy|SBPTime1,,,,41.80709839,-74.73210144,-1
R_xyjkjasy0hxxitr,Default Response Set,Anonymous,,,208.102.119.28,0,7/24/2016 10:52,7/24/2016 10:53,1,1,,,,,,,,,,,,,,,,,,,,,,,,,,,,,,,,,,,,,,,,,,,,,,,,,,,,,,,,,8.133,8.133,10.268,1,6,0,0,33.227,0,,,,,,,,,,,,,,,,,,,,,,,,,64,2,5,,6,5,(2) Immoral,,,,,,M_B_P_Vign|MBPTime2|MBP_Feel|MBPTime1,,,39.206604,-84.39640045,-1
R_3iFmnD84qtIOy9G,Default Response Set,Anonymous,,,107.142.131.140,0,7/24/2016 10:53,7/24/2016 10:54,1,1,,,,,,,,,,,,,5.075,6.105,6.576,2,7,0,0,25.506,0,,,,,,,,,,,,,,,,,,,,,,,,,,,,,,,,,,,,,,,,,,,,,,,,,,,,,,,,,,,,,,,,,,,,,31,2,5,,4,8,(2) Moral,,M_G_P_Vign|MGPTime2|MGP_Feel|MGPTime1,,,,,,,28.01699829,-80.67359924,-1
R_sI5qluSBRYW19uh,Default Response Set,Anonymous,,,184.57.46.81,0,7/24/2016 10:53,7/24/2016 10:54,1,1,,,,,,,,,,,,,,,,,,,,,,,,,,,,,,,,,,,6.332,9.478,10.045,3,5,2.731,2.731,12.834,1,,,,,,,,,,,,,,,,,,,,,,,,,,,,,,,,,,,,,,,,,,,,,,,29,1,5,,6,5,(4) Moral,,,,G_G_P_Vign|GGPTime2|GGP_Feel|GGPTime1,,,,,39.92320251,-82.87660217,-1
R_1rdY6rav1Ttvt8D,Default Response Set,Anonymous,,,47.35.193.65,0,7/24/2016 10:54,7/24/2016 10:55,1,1,,7.815,7.815,9.074,1,7,0,0,21.645,0,,,,,,,,,,,,,,,,,,,,,,,,,,,,,,,,,,,,,,,,,,,,,,,,,,,,,,,,,,,,,,,,,,,,,,,,,,,,,,,,31,2,5,,5,6,(1) Moral,S_G_P_Vign|SGPTime2|SGP_Feel|SGPTime1,,,,,,,,34.98379517,-82.16269684,-1
R_11Y0AdONZylrL0j,Default Response Set,Anonymous,,,12.15.136.26,0,7/24/2016 10:53,7/24/2016 10:55,1,1,,,,,,,,,,,,,,,,,,,,,,,,,,,,,,,,,,,,,,,,,,,,,,,,,,,,,,,,,,,,,,,,,,,,9.003,9.003,9.591,1,,0,0,51.545,0,7,,,,,,,,,,,,,30,2,5,,6,5,(3) Immoral,,,,,,,T_B_P_Vign|TBPTime2|TBP_Happy|TBPTime1,,41.95599365,-71.43379974,-1
R_1OSSEQSFtJ7jXW9,Default Response Set,Anonymous,,,71.65.53.137,0,7/24/2016 10:54,7/24/2016 10:55,1,1,,,,,,,,,,,,,,,,,,,,,,,,,,,,,,,,,,,,,,,,,,,,,,,,,,,,,,,,,,,,,,,,,,,,,,,,,,,,,,,2.409,3.041,3.976,2,,0,0,18.777,0,6,,28,1,5,,5,4,(4) Immoral,,,,,,,,G_B_P_Vign|GBPTime2|GBP_Happy|GBPTime1,40.28269958,-83.05590057,-1
R_1pn6C3AdyAv2yAe,Default Response Set,Anonymous,,,98.225.216.29,0,7/24/2016 10:54,7/24/2016 10:55,1,1,,,,,,,,,,,,,,,,,,,,,,,,3.569,3.569,6.479,1,7,0,0,23.506,0,,,,,,,,,,,,,,,,,,,,,,,,,,,,,,,,,,,,,,,,,,,,,,,,,,,,,,,,,,19,2,1,,2,7,(3) Moral,,,T_G_P_Vign|TGPTime2|TGP_Feel|TGPTime1,,,,,,40.12069702,-75.11789703,-1
R_3GBNMB4VdGB0svC,Default Response Set,Anonymous,,,111.94.180.66,0,7/24/2016 10:54,7/24/2016 10:56,1,1,,,,,,,,,,,,,,,,,,,,,,,,,,,,,,,,,,,,,,,,,,,,,,,,,,,,,,,,,,,,,,,,,,,,,,,,,,,,,,,26.656,26.656,27.688,1,7,8.279,22.941,57.889,2,,,44,1,3,,5,4,(4) Immoral,,,,,,,,G_B_P_Vign|GBPTime2|GBP_Feel|GBPTime1,-6.1743927,106.8294067,-1
R_afSJRTkcBSZUXwl,Default Response Set,Anonymous,,,73.176.151.18,0,7/24/2016 10:57,7/24/2016 10:58,1,1,,4.293,4.293,5.418,1,7,2.27,2.27,17.514,1,,,,,,,,,,,,,,,,,,,,,,,,,,,,,,,,,,,,,,,,,,,,,,,,,,,,,,,,,,,,,,,,,,,,,,,,,,,,,,,,27,2,5,,5,6,(1) Moral,S_G_P_Vign|SGPTime2|SGP_Feel|SGPTime1,,,,,,,,39.95559692,-86.01390076,-1
R_3ekxB5sTrx44jch,Default Response Set,Anonymous,,,70.35.67.7,0,7/24/2016 10:57,7/24/2016 10:58,1,1,,,,,,,,,,,,,,,,,,,,,,,,10.674,11.412,12.211,2,6,0,0,29.707,0,,,,,,,,,,,,,,,,,,,,,,,,,,,,,,,,,,,,,,,,,,,,,,,,,,,,,,,,,,34,1,5,,2,6,(3) Moral,,,T_G_P_Vign|TGPTime2|TGP_Feel|TGPTime1,,,,,,33.80389404,-81.65119934,-1
R_3R1S1Mp6VHuX3HT,Default Response Set,Anonymous,,,174.101.249.163,0,7/24/2016 10:57,7/24/2016 11:00,1,1,,,,,,,,,,,,,,,,,,,,,,,,,,,,,,,,,,,17.405,17.405,20.65,1,,24.311,27.063,65.128,3,7,,,,,,,,,,,,,,,,,,,,,,,,,,,,,,,,,,,,,,,,,,,,,,51,2,5,,2,8,(4) Moral,,,,G_G_P_Vign|GGPTime2|GGP_Happy|GGPTime1,,,,,39.0565033,-83.92160034,-1
R_1GHLz32ap8aPAyL,Default Response Set,Anonymous,,,70.194.12.215,0,7/24/2016 10:59,7/24/2016 11:00,1,1,,,,,,,,,,,,,,,,,,,,,,,,,,,,,,,,,,,,,,,,,,,,,,,,,,,,,,,,,,,,,,,,,,,,3.497,3.497,4.223,1,6,0,0,47.45,0,,,,,,,,,,,,,,31,2,5,,5,5,(3) Immoral,,,,,,,T_B_P_Vign|TBPTime2|TBP_Feel|TBPTime1,,43.05189514,-83.33460236,-1
R_3kfFHSnSQa4Fd5L,Default Response Set,Anonymous,,,184.59.83.253,0,7/24/2016 10:59,7/24/2016 11:01,1,1,,,,,,,,,,,,,,,,,,,,,,,,,,,,,,,,,,,,,,,,,,,,,,,,,,,,,,,,,11.35,11.35,19.286,1,,4.56,22.233,45.131,3,7,,,,,,,,,,,,,,,,,,,,,,,,29,2,3,,5,6,(2) Immoral,,,,,,M_B_P_Vign|MBPTime2|MBP_Happy|MBPTime1,,,40.28390503,-84.16480255,-1
R_1IKnJpEfYSc9f6W,Default Response Set,Anonymous,,,184.63.194.219,0,7/24/2016 10:59,7/24/2016 11:01,1,1,,,,,,,,,,,,,,,,,,,,,,,,,,,,,,,,,,,7.188,7.188,8.373,1,,0,0,18.403,0,6,,,,,,,,,,,,,,,,,,,,,,,,,,,,,,,,,,,,,,,,,,,,,,48,2,5,,3,7,(4) Moral,,,,G_G_P_Vign|GGPTime2|GGP_Happy|GGPTime1,,,,,35.40370178,-88.67759705,-1
R_6DKehJqSBcY5Ndf,Default Response Set,Anonymous,,,142.105.232.214,0,7/24/2016 10:59,7/24/2016 11:01,1,1,,,,,,,,,,,,,,,,,,,,,,,,,,,,,,,,,,,,,,,,,,,,,,11.641,11.641,13.068,1,7,0,0,59.33,0,,,,,,,,,,,,,,,,,,,,,,,,,,,,,,,,,,,,59,2,5,,3,6,(1) Immoral,,,,,S_B_P_Vign|SBPTime2|SBP_Feel|SBPTime1,,,,44.20379639,-76.09580231,-1
R_7U4E7Pz0B0tVcR3,Default Response Set,Anonymous,,,96.42.220.251,0,7/24/2016 10:59,7/24/2016 11:01,1,1,,,,,,,,,,,,,,,,,,,,,,,,,,,,,,,,,,,,,,,,,,,,,,,,,,,,,,,,,,,,,,,,,,,,,,,,,,,,,,,9.507,9.507,12.957,1,7,0,0,51.04,0,,,28,1,5,,6,7,(4) Immoral,,,,,,,,G_B_P_Vign|GBPTime2|GBP_Feel|GBPTime1,44.07150269,-92.5279007,-1
R_3R3AMWk6YO3BIdo,Default Response Set,Anonymous,,,216.164.119.241,0,7/24/2016 10:59,7/24/2016 11:01,1,1,,,,,,,,,,,,,,,,,,,,,,,,3.433,3.433,4.457,1,,0,0,17.405,0,6,,,,,,,,,,,,,,,,,,,,,,,,,,,,,,,,,,,,,,,,,,,,,,,,,,,,,,,,,35,1,5,,5,8,(3) Moral,,,T_G_P_Vign|TGPTime2|TGP_Happy|TGPTime1,,,,,,40.64520264,-75.43740082,-1
R_22rmgrSs0k75hGA,Default Response Set,Anonymous,,,50.133.223.73,0,7/24/2016 11:00,7/24/2016 11:01,1,1,,,,,,,,,,,,,4.641,7.443,8.089,2,,0,0,16.668,0,6,,,,,,,,,,,,,,,,,,,,,,,,,,,,,,,,,,,,,,,,,,,,,,,,,,,,,,,,,,,,,,,,,,,,45,1,5,,7,5,(2) Moral,,M_G_P_Vign|MGPTime2|MGP_Happy|MGPTime1,,,,,,,42.38000488,-71.13289642,-1
R_1gLsO9aWB3d7FYi,Default Response Set,Anonymous,,,24.101.224.212,0,7/24/2016 11:00,7/24/2016 11:01,1,1,,,,,,,,,,,,,,,,,,,,,,,,4.707,4.707,5.638,1,,3.097,3.866,37.272,2,7,,,,,,,,,,,,,,,,,,,,,,,,,,,,,,,,,,,,,,,,,,,,,,,,,,,,,,,,,55,1,5,,2,8,(3) Moral,,,T_G_P_Vign|TGPTime2|TGP_Happy|TGPTime1,,,,,,40.10820007,-79.61170197,-1
R_uwgMTcWmmlCOmKB,Default Response Set,Anonymous,,,173.90.193.186,0,7/24/2016 10:59,7/24/2016 11:01,1,1,,9.824,9.824,10.424,1,,0,0,73.244,0,7,,,,,,,,,,,,,,,,,,,,,,,,,,,,,,,,,,,,,,,,,,,,,,,,,,,,,,,,,,,,,,,,,,,,,,,,,,,,,,,57,1,5,,3,8,(1) Moral,S_G_P_Vign|SGPTime2|SGP_Happy|SGPTime1,,,,,,,,41.06210327,-81.74510193,-1
R_1giSksoYPdDYrWY,Default Response Set,Anonymous,,,104.173.73.35,0,7/24/2016 10:57,7/24/2016 11:01,1,1,,,,,,,,,,,,,5.987,5.987,7.547,1,,0,0,214.45,0,7,,,,,,,,,,,,,,,,,,,,,,,,,,,,,,,,,,,,,,,,,,,,,,,,,,,,,,,,,,,,,,,,,,,,46,2,1,,5,8,(2) Moral,,M_G_P_Vign|MGPTime2|MGP_Happy|MGPTime1,,,,,,,34.58729553,-118.2453995,-1
R_bygw3RfRt14klUJ,Default Response Set,Anonymous,,,104.230.82.44,0,7/24/2016 10:59,7/24/2016 11:01,1,1,,,,,,,,,,,,,,,,,,,,,,,,,,,,,,,,,,,,,,,,,,,,,,6.174,6.174,7.041,1,7,0,0,25.943,0,,,,,,,,,,,,,,,,,,,,,,,,,,,,,,,,,,,,25,1,5,,5,5,(1) Immoral,,,,,S_B_P_Vign|SBPTime2|SBP_Feel|SBPTime1,,,,41.22920227,-80.42440033,-1
R_12b5S7D0HZqtukH,Default Response Set,Anonymous,,,173.52.119.94,0,7/24/2016 11:01,7/24/2016 11:01,1,1,,4.037,4.037,5.004,1,,0,0,23.391,0,7,,,,,,,,,,,,,,,,,,,,,,,,,,,,,,,,,,,,,,,,,,,,,,,,,,,,,,,,,,,,,,,,,,,,,,,,,,,,,,,46,2,5,,5,7,(1) Moral,S_G_P_Vign|SGPTime2|SGP_Happy|SGPTime1,,,,,,,,40.81559753,-73.11810303,-1
R_2dha5Z70aBkqTrO,Default Response Set,Anonymous,,,71.226.242.110,0,7/24/2016 11:00,7/24/2016 11:01,1,1,,,,,,,,,,,,,,,,,,,,,,,,,,,,,,,,,,,,,,,,,,,,,,5.171,5.171,6.048,1,,0,0,58.873,0,7,,,,,,,,,,,,,,,,,,,,,,,,,,,,,,,,,,,51,2,5,,4,8,(1) Immoral,,,,,S_B_P_Vign|SBPTime2|GBP_Happy|SBPTime1,,,,39.99429321,-74.79180145,-1
R_12Lyjah8OvedUm7,Default Response Set,Anonymous,,,166.137.10.76,0,7/24/2016 10:59,7/24/2016 11:02,1,1,,,,,,,,,,,,,,,,,,,,,,,,,,,,,,,,,,,,,,,,,,,,,,,,,,,,,,,,,,,,,,,,,,,,52.843,52.843,54.438,1,7,15.817,15.817,47.587,1,,,,,,,,,,,,,,19,2,5,,2,5,(3) Immoral,,,,,,,T_B_P_Vign|TBPTime2|TBP_Feel|TBPTime1,,37.75100708,-97.8219986,-1
R_25sHn5MCH1IBTSr,Default Response Set,Anonymous,,,104.57.143.116,0,7/24/2016 11:01,7/24/2016 11:02,1,1,,,,,,,,,,,,,,,,,,,,,,,,,,,,,,,,,,,,,,,,,,,,,,,,,,,,,,,,,4.212,4.212,7.676,1,,0,0,35.828,0,6,,,,,,,,,,,,,,,,,,,,,,,,22,1,2,,4,8,(2) Immoral,,,,,,M_B_P_Vign|MBPTime2|MBP_Happy|MBPTime1,,,33.95620728,-83.98799896,-1
R_1OpK8bs4iMfUh8c,Default Response Set,Anonymous,,,173.26.146.219,0,7/24/2016 11:00,7/24/2016 11:02,1,1,,,,,,,,,,,,,,,,,,,,,,,,,,,,,,,,,,,,,,,,,,,,,,,,,,,,,,,,,,,,,,,,,,,,2.817,2.817,3.175,1,,0,0,47.291,0,7,,,,,,,,,,,,,27,1,5,,4,6,(3) Immoral,,,,,,,T_B_P_Vign|TBPTime2|TBP_Happy|TBPTime1,,30.40739441,-86.97850037,-1
R_OsfBPzeqAt4qbKN,Default Response Set,Anonymous,,,71.236.170.55,0,7/24/2016 11:00,7/24/2016 11:02,1,1,,,,,,,,,,,,,,,,,,,,,,,,,,,,,,,,,,,2.842,2.842,4.615,1,7,0,0,70.241,0,,,,,,,,,,,,,,,,,,,,,,,,,,,,,,,,,,,,,,,,,,,,,,,25,2,6,"Mixed race, White, Native American",4,9,(4) Moral,,,,G_G_P_Vign|GGPTime2|GGP_Feel|GGPTime1,,,,,46.19329834,-123.0547943,-1
R_2CpGmBCFRNsg5hw,Default Response Set,Anonymous,,,174.60.201.41,0,7/24/2016 11:01,7/24/2016 11:02,1,1,,,,,,,,,,,,,,,,,,,,,,,,,,,,,,,,,,,,,,,,,,,,,,,,,,,,,,,,,,,,,,,,,,,,,,,,,,,,,,,3.298,4.091,5.008,2,,20.718,20.718,25.62,1,5,,38,2,5,,3,6,(4) Immoral,,,,,,,,G_B_P_Vign|GBPTime2|GBP_Happy|GBPTime1,41.39489746,-75.70890045,-1
R_3I3JRu6UdZbE6xc,Default Response Set,Anonymous,,,108.131.116.91,0,7/24/2016 11:01,7/24/2016 11:03,1,1,,,,,,,,,,,,,9.274,9.274,10.094,1,7,0,0,48.876,0,,,,,,,,,,,,,,,,,,,,,,,,,,,,,,,,,,,,,,,,,,,,,,,,,,,,,,,,,,,,,,,,,,,,,74,2,5,,4,3,(2) Moral,,M_G_P_Vign|MGPTime2|MGP_Feel|MGPTime1,,,,,,,34.51190186,-88.64230347,-1
R_3HoZPDbw5sq0nIp,Default Response Set,Anonymous,,,68.10.184.215,0,7/24/2016 11:01,7/24/2016 11:03,1,1,,,,,,,,,,,,,,,,,,,,,,,,,,,,,,,,,,,,,,,,,,,,,,,,,,,,,,,,,17.746,17.746,18.48,1,7,0,0,61.443,0,,,,,,,,,,,,,,,,,,,,,,,,,50,1,2,,2,7,(2) Immoral,,,,,,M_B_P_Vign|MBPTime2|MBP_Feel|MBPTime1,,,37.0355072,-76.31939697,-1
R_3dEPnhkbmSk6fm0,Default Response Set,Anonymous,,,74.14.211.182,0,7/24/2016 11:03,7/24/2016 11:04,1,1,,2.736,2.736,5.511,1,6,0,0,11.861,0,,,,,,,,,,,,,,,,,,,,,,,,,,,,,,,,,,,,,,,,,,,,,,,,,,,,,,,,,,,,,,,,,,,,,,,,,,,,,,,,29,2,5,,4,7,(1) Moral,S_G_P_Vign|SGPTime2|SGP_Feel|SGPTime1,,,,,,,,45.46710205,-73.6486969,-1
R_1gcgQDMYiroo9a4,Default Response Set,Anonymous,,,24.44.197.95,0,7/24/2016 10:59,7/24/2016 11:05,1,1,,,,,,,,,,,,,,,,,,,,,,,,,,,,,,,,,,,,,,,,,,,,,,,,,,,,,,,,,,,,,,,,,,,,4.563,11.533,12.011,3,7,40.863,43.3,71.343,2,,,,,,,,,,,,,,26,1,5,,8,4,(3) Immoral,,,,,,,T_B_P_Vign|TBPTime2|TBP_Feel|TBPTime1,,40.9947052,-74.14250183,-1
R_UbVK7fGiGpaSoaR,Default Response Set,Anonymous,,,98.26.198.83,0,7/24/2016 11:02,7/24/2016 11:05,1,1,,,,,,,,,,,,,16.283,19.738,21.109,2,,0,0,31.752,0,4,,,,,,,,,,,,,,,,,,,,,,,,,,,,,,,,,,,,,,,,,,,,,,,,,,,,,,,,,,,,,,,,,,,,30,2,5,,3,7,(2) Moral,,M_G_P_Vign|MGPTime2|MGP_Happy|MGPTime1,,,,,,,36.11470032,-79.74220276,-1
R_1gIx75uQ3toaOFb,Default Response Set,Anonymous,,,73.237.22.172,0,7/24/2016 11:04,7/24/2016 11:06,1,1,,,,,,,,,,,,,,,,,,,,,,,,,,,,,,,,,,,9.782,9.782,10.643,1,4,8.194,8.194,33.439,1,,,,,,,,,,,,,,,,,,,,,,,,,,,,,,,,,,,,,,,,,,,,,,,41,2,5,,4,8,(4) Moral,,,,G_G_P_Vign|GGPTime2|GGP_Feel|GGPTime1,,,,,33.93060303,-84.46130371,-1
R_32JfCwWSiAYoNxC,Default Response Set,Anonymous,,,96.29.218.205,0,7/24/2016 11:04,7/24/2016 11:06,1,1,,,,,,,,,,,,,,,,,,,,,,,,,,,,,,,,,,,,,,,,,,,,,,13.973,17.799,18.742,2,6,0,0,37.351,0,,,,,,,,,,,,,,,,,,,,,,,,,,,,,,,,,,,,28,2,5,,6,4,(1) Immoral,,,,,S_B_P_Vign|SBPTime2|SBP_Feel|SBPTime1,,,,38.13000488,-85.57939911,-1
R_7NDf6tBQEoM8YYp,Default Response Set,Anonymous,,,69.121.253.244,0,7/24/2016 11:05,7/24/2016 11:07,1,1,,,,,,,,,,,,,,,,,,,,,,,,,,,,,,,,,,,,,,,,,,,,,,,,,,,,,,,,,,,,,,,,,,,,,,,,,,,,,,,2.481,2.481,4.278,1,6,0,0,90.262,0,,,30,2,2,,5,4,(4) Immoral,,,,,,,,G_B_P_Vign|GBPTime2|GBP_Feel|GBPTime1,40.78790283,-74.0102005,-1
R_1QLX5HyogY4P9Bq,Default Response Set,Anonymous,,,24.241.227.35,0,7/24/2016 11:06,7/24/2016 11:07,1,1,,,,,,,,,,,,,,,,,,,,,,,,,,,,,,,,,,,,,,,,,,,,,,4.213,4.213,6.723,1,,0,0,23.736,0,7,,,,,,,,,,,,,,,,,,,,,,,,,,,,,,,,,,,22,1,3,,5,6,(1) Immoral,,,,,S_B_P_Vign|SBPTime2|GBP_Happy|SBPTime1,,,,43.0796051,-89.37580109,-1
R_2YP7WCYWgkfAbSu,Default Response Set,Anonymous,,,24.151.218.128,0,7/24/2016 11:04,7/24/2016 11:07,1,1,,,,,,,,,,,,,,,,,,,,,,,,18.197,18.197,19.047,1,7,0,0,56.648,0,,,,,,,,,,,,,,,,,,,,,,,,,,,,,,,,,,,,,,,,,,,,,,,,,,,,,,,,,,65,2,5,,4,7,(3) Moral,,,T_G_P_Vign|TGPTime2|TGP_Feel|TGPTime1,,,,,,35.65020752,-83.97820282,-1
R_2wgiXYHaO91mVIV,Default Response Set,Anonymous,,,97.103.71.175,0,7/24/2016 11:06,7/24/2016 11:08,1,1,,9.321,9.321,10.252,1,,0,0,40.374,0,7,,,,,,,,,,,,,,,,,,,,,,,,,,,,,,,,,,,,,,,,,,,,,,,,,,,,,,,,,,,,,,,,,,,,,,,,,,,,,,,36,2,1,,5,5,(1) Moral,S_G_P_Vign|SGPTime2|SGP_Happy|SGPTime1,,,,,,,,28.28869629,-81.32039642,-1
R_vBU5wuczvCjeYSd,Default Response Set,Anonymous,,,74.139.128.188,0,7/24/2016 11:07,7/24/2016 11:08,1,1,,,,,,,,,,,,,,,,,,,,,,,,7.045,7.045,8.325,1,,0,0,29.926,0,7,,,,,,,,,,,,,,,,,,,,,,,,,,,,,,,,,,,,,,,,,,,,,,,,,,,,,,,,,22,1,5,,4,8,(3) Moral,,,T_G_P_Vign|TGPTime2|TGP_Happy|TGPTime1,,,,,,37.14199829,-84.55840302,-1
R_2103hOI6W2GarJU,Default Response Set,Anonymous,,,71.51.2.176,0,7/24/2016 11:07,7/24/2016 11:08,1,1,,,,,,,,,,,,,,,,,,,,,,,,,,,,,,,,,,,8.599,8.599,9.33,1,,0,0,33.326,0,7,,,,,,,,,,,,,,,,,,,,,,,,,,,,,,,,,,,,,,,,,,,,,,44,2,5,,4,8,(4) Moral,,,,G_G_P_Vign|GGPTime2|GGP_Happy|GGPTime1,,,,,37.9875946,-78.6085968,-1
R_3oLRmBPhMj9e1HW,Default Response Set,Anonymous,,,66.199.58.117,0,7/24/2016 11:06,7/24/2016 11:09,1,1,,,,,,,,,,,,,12.401,12.401,15.857,1,7,5.427,75.608,76.927,4,,,,,,,,,,,,,,,,,,,,,,,,,,,,,,,,,,,,,,,,,,,,,,,,,,,,,,,,,,,,,,,,,,,,,50,2,5,,5,8,(2) Moral,,M_G_P_Vign|MGPTime2|MGP_Feel|MGPTime1,,,,,,,28.97149658,-95.57859802,-1
R_3nDjiJ9heGtciYh,Default Response Set,Anonymous,,,172.98.84.222,0,7/24/2016 11:07,7/24/2016 11:09,1,1,,,,,,,,,,,,,,,,,,,,,,,,,,,,,,,,,,,,,,,,,,,,,,,,,,,,,,,,,,,,,,,,,,,,,,,,,,,,,,,6.154,6.154,7.242,1,,6.327,7.661,34.523,2,3,,23,1,5,,4,9,(4) Immoral,,,,,,,,G_B_P_Vign|GBPTime2|GBP_Happy|GBPTime1,33.7480011,-84.38580322,-1
R_3M6Ao9ApZJ57VKQ,Default Response Set,Anonymous,,,72.218.214.161,0,7/24/2016 11:08,7/24/2016 11:09,1,1,,,,,,,,,,,,,,,,,,,,,,,,,,,,,,,,,,,,,,,,,,,,,,,,,,,,,,,,,,,,,,,,,,,,9.869,9.869,10.685,1,,0,0,41.038,0,7,,,,,,,,,,,,,47,1,5,,4,8,(3) Immoral,,,,,,,T_B_P_Vign|TBPTime2|TBP_Happy|TBPTime1,,36.83709717,-76.33850098,-1
R_1gnj07BJRUstzmK,Default Response Set,Anonymous,,,69.47.161.202,0,7/24/2016 11:07,7/24/2016 11:11,1,1,,,,,,,,,,,,,,,,,,,,,,,,,,,,,,,,,,,,,,,,,,,,,,,,,,,,,,,,,11.318,11.318,12.922,1,,0,0,73.229,0,7,,,,,,,,,,,,,,,,,,,,,,,,29,1,1,,4,7,(2) Immoral,,,,,,M_B_P_Vign|MBPTime2|MBP_Happy|MBPTime1,,,39.95370483,-82.93170166,-1
R_2YMtQFobcS1TXM2,Default Response Set,Anonymous,,,173.6.200.154,0,7/24/2016 11:10,7/24/2016 11:11,1,1,,,,,,,,,,,,,12.008,12.008,12.996,1,7,0,0,34.8,0,,,,,,,,,,,,,,,,,,,,,,,,,,,,,,,,,,,,,,,,,,,,,,,,,,,,,,,,,,,,,,,,,,,,,53,1,5,,4,7,(2) Moral,,M_G_P_Vign|MGPTime2|MGP_Feel|MGPTime1,,,,,,,41.49949646,-81.69539642,-1
R_yCGla0SVrd5XUdP,Default Response Set,Anonymous,,,75.172.95.100,0,7/24/2016 11:10,7/24/2016 11:12,1,1,,,,,,,,,,,,,,,,,,,,,,,,,,,,,,,,,,,8.631,8.631,14.344,1,7,0,0,54.229,0,,,,,,,,,,,,,,,,,,,,,,,,,,,,,,,,,,,,,,,,,,,,,,,20,1,2,,4,7,(4) Moral,,,,G_G_P_Vign|GGPTime2|GGP_Feel|GGPTime1,,,,,47.36239624,-122.1981964,-1
R_VOtOOESCffLwv8l,Default Response Set,Anonymous,,,67.223.28.69,0,7/24/2016 11:10,7/24/2016 11:13,1,1,,,,,,,,,,,,,,,,,,,,,,,,8.382,8.382,10.876,1,7,1.799,1.799,118.53,1,,,,,,,,,,,,,,,,,,,,,,,,,,,,,,,,,,,,,,,,,,,,,,,,,,,,,,,,,,30,1,5,,5,5,(3) Moral,,,T_G_P_Vign|TGPTime2|TGP_Feel|TGPTime1,,,,,,36.45539856,-82.20880127,-1
R_1M0NZ0aXldzF1Gb,Default Response Set,Anonymous,,,108.61.228.9,0,7/24/2016 11:13,7/24/2016 11:13,1,1,,,,,,,,,,,,,,,,,,,,,,,,,,,,,,,,,,,,,,,,,,,,,,,,,,,,,,,,,,,,,,,,,,,,,,,,,,,,,,,3.861,5.016,5.771,3,5,0,0,1.052,0,,,23,1,3,,4,7,(4) Immoral,,,,,,,,G_B_P_Vign|GBPTime2|GBP_Feel|GBPTime1,42.01519775,-87.99009705,-1
R_3q7PKqK5K8xhizX,Default Response Set,Anonymous,,,75.167.190.210,0,7/24/2016 11:12,7/24/2016 11:14,1,1,,,,,,,,,,,,,,,,,,,,,,,,,,,,,,,,,,,,,,,,,,,,,,,,,,,,,,,,,14.071,14.071,15.161,1,,0,0,46.648,0,5,,,,,,,,,,,,,,,,,,,,,,,,54,2,5,,5,4,(2) Immoral,,,,,,M_B_P_Vign|MBPTime2|MBP_Happy|MBPTime1,,,43.59919739,-116.4234009,-1
R_3EAc9gU9NVu5eGb,Default Response Set,Anonymous,,,67.223.28.69,0,7/24/2016 11:13,7/24/2016 11:14,1,1,,0,0,3.682,0,7,0,0,7.227,0,,,,,,,,,,,,,,,,,,,,,,,,,,,,,,,,,,,,,,,,,,,,,,,,,,,,,,,,,,,,,,,,,,,,,,,,,,,,,,,,27,2,5,,5,5,(1) Moral,S_G_P_Vign|SGPTime2|SGP_Feel|SGPTime1,,,,,,,,36.45539856,-82.20880127,-1
R_3Ht4N6oUJiYDkJX,Default Response Set,Anonymous,,,173.216.96.224,0,7/24/2016 11:14,7/24/2016 11:15,1,1,,,,,,,,,,,,,,,,,,,,,,,,,,,,,,,,,,,7.784,7.784,8.561,1,,0,0,1.822,0,4,,,,,,,,,,,,,,,,,,,,,,,,,,,,,,,,,,,,,,,,,,,,,,57,1,5,,2,7,(4) Moral,,,,G_G_P_Vign|GGPTime2|GGP_Happy|GGPTime1,,,,,35.7881012,-91.64579773,-1
R_qCtpJUvr3mvpHB7,Default Response Set,Anonymous,,,173.168.12.12,0,7/24/2016 11:12,7/24/2016 11:15,1,1,,,,,,,,,,,,,,,,,,,,,,,,,,,,,,,,,,,,,,,,,,,,,,11.351,11.351,24.053,1,,7.171,16.73,108.985,2,7,,,,,,,,,,,,,,,,,,,,,,,,,,,,,,,,,,,46,1,5,,5,3,(1) Immoral,,,,,S_B_P_Vign|SBPTime2|GBP_Happy|SBPTime1,,,,27.93919373,-82.47229767,-1
R_3F3wjewqHBWuFtA,Default Response Set,Anonymous,,,24.188.245.176,0,7/24/2016 11:00,7/24/2016 11:16,1,1,,,,,,,,,,,,,,,,,,,,,,,,,,,,,,,,,,,,,,,,,,,,,,,,,,,,,,,,,10.489,10.489,24.02,1,7,5.654,5.654,837.874,1,,,,,,,,,,,,,,,,,,,,,,,,,30,2,5,,4,4,(2) Immoral,,,,,,M_B_P_Vign|MBPTime2|MBP_Feel|MBPTime1,,,41.83940125,-73.12550354,-1
R_3nBLjfuM4r9Bi3E,Default Response Set,Anonymous,,,174.124.247.92,0,7/24/2016 11:12,7/24/2016 11:17,1,1,,,,,,,,,,,,,,,,,,,,,,,,,,,,,,,,,,,,,,,,,,,,,,,,,,,,,,,,,,,,,,,,,,,,6.826,6.826,8.382,1,,0,0,252.439,0,6,,,,,,,,,,,,,31,1,5,,8,8,(3) Immoral,,,,,,,T_B_P_Vign|TBPTime2|TBP_Happy|TBPTime1,,43.84770203,-84.02249908,-1
R_8koVuE1NAggpWjn,Default Response Set,Anonymous,,,98.250.91.33,0,7/24/2016 11:19,7/24/2016 11:20,1,1,,,,,,,,,,,,,,,,,,,,,,,,,,,,,,,,,,,,,,,,,,,,,,,,,,,,,,,,,,,,,,,,,,,,,,,,,,,,,,,8.453,8.453,12.851,1,,2.731,2.731,40.017,1,7,,27,1,3,,6,3,(4) Immoral,,,,,,,,G_B_P_Vign|GBPTime2|GBP_Happy|GBPTime1,42.41650391,-83.52970123,-1
R_31T1WUBx9Ak5AOK,Default Response Set,Anonymous,,,99.189.184.91,0,7/24/2016 11:19,7/24/2016 11:21,1,1,,9.196,9.196,10.317,1,,0,0,35.983,0,7,,,,,,,,,,,,,,,,,,,,,,,,,,,,,,,,,,,,,,,,,,,,,,,,,,,,,,,,,,,,,,,,,,,,,,,,,,,,,,,71,2,5,,4,5,(1) Moral,S_G_P_Vign|SGPTime2|SGP_Happy|SGPTime1,,,,,,,,41.38619995,-81.79149628,-1
R_1N8he39smGFGsfJ,Default Response Set,Anonymous,,,172.56.6.247,0,7/24/2016 11:21,7/24/2016 11:21,1,1,,,,,,,,,,,,,,,,,,,,,,,,,,,,,,,,,,,,,,,,,,,,,,6.476,6.476,7.159,1,7,0,0,23.05,0,,,,,,,,,,,,,,,,,,,,,,,,,,,,,,,,,,,,42,1,5,,5,7,(1) Immoral,,,,,S_B_P_Vign|SBPTime2|SBP_Feel|SBPTime1,,,,32.73570251,-97.10810089,-1
R_2yf3dHIaUKRtxLo,Default Response Set,Anonymous,,,131.123.61.2,0,7/24/2016 11:21,7/24/2016 11:22,1,1,,,,,,,,,,,,,,,,,,,,,,,,4.718,5.414,5.996,2,,0,0,25.429,0,7,,,,,,,,,,,,,,,,,,,,,,,,,,,,,,,,,,,,,,,,,,,,,,,,,,,,,,,,,23,2,5,,5,5,(3) Moral,,,T_G_P_Vign|TGPTime2|TGP_Happy|TGPTime1,,,,,,41.15370178,-81.35790253,-1
R_9RHLV52wcNc4WVr,Default Response Set,Anonymous,,,209.236.82.154,0,7/24/2016 11:19,7/24/2016 11:23,1,1,,,,,,,,,,,,,15.204,15.204,16.382,1,,136.248,137.051,154.49,2,7,,,,,,,,,,,,,,,,,,,,,,,,,,,,,,,,,,,,,,,,,,,,,,,,,,,,,,,,,,,,,,,,,,,,74,1,5,,5,5,(2) Moral,,M_G_P_Vign|MGPTime2|MGP_Happy|MGPTime1,,,,,,,37.94360352,-104.8466034,-1
R_3Ga0wFH6VkkqWGw,Default Response Set,Anonymous,,,68.102.147.222,0,7/24/2016 11:22,7/24/2016 11:23,1,1,,,,,,,,,,,,,,,,,,,,,,,,,,,,,,,,,,,,,,,,,,,,,,,,,,,,,,,,,7.347,7.347,8.036,1,7,0,0,43.383,0,,,,,,,,,,,,,,,,,,,,,,,,,46,2,5,,6,5,(2) Immoral,,,,,,M_B_P_Vign|MBPTime2|MBP_Feel|MBPTime1,,,37.56289673,-97.22850037,-1
R_3Gj6bBTm1gc6ri6,Default Response Set,Anonymous,,,73.184.172.105,0,7/24/2016 11:22,7/24/2016 11:23,1,1,,,,,,,,,,,,,,,,,,,,,,,,2.586,2.586,5.115,1,7,0,0,25.295,0,,,,,,,,,,,,,,,,,,,,,,,,,,,,,,,,,,,,,,,,,,,,,,,,,,,,,,,,,,23,1,1,,4,6,(3) Moral,,,T_G_P_Vign|TGPTime2|TGP_Feel|TGPTime1,,,,,,33.62219238,-84.52310181,-1
R_2Vl6SIsvCQ7W4hL,Default Response Set,Anonymous,,,173.28.239.170,0,7/24/2016 11:22,7/24/2016 11:24,1,1,,,,,,,,,,,,,,,,,,,,,,,,8.44,8.44,15.329,1,5,0,0,54.757,0,,,,,,,,,,,,,,,,,,,,,,,,,,,,,,,,,,,,,,,,,,,,,,,,,,,,,,,,,,34,1,5,,3,9,(3) Moral,,,T_G_P_Vign|TGPTime2|TGP_Feel|TGPTime1,,,,,,32.54429626,-84.92079926,-1
R_3nj6RdRCNQoEskI,Default Response Set,Anonymous,,,107.185.117.26,0,7/24/2016 11:23,7/24/2016 11:24,1,1,,,,,,,,,,,,,,,,,,,,,,,,,,,,,,,,,,,,,,,,,,,,,,,,,,,,,,,,,,,,,,,,,,,,,,,,,,,,,,,3.453,3.453,7.309,1,,8.062,9.205,71.692,3,4,,24,1,2,,2,8,(4) Immoral,,,,,,,,G_B_P_Vign|GBPTime2|GBP_Happy|GBPTime1,33.97610474,-118.1535034,-1
R_yD31vBYr8zphQKR,Default Response Set,Anonymous,,,68.33.74.237,0,7/24/2016 11:23,7/24/2016 11:24,1,1,,,,,,,,,,,,,7.499,7.499,8.794,1,7,0,0,25.241,0,,,,,,,,,,,,,,,,,,,,,,,,,,,,,,,,,,,,,,,,,,,,,,,,,,,,,,,,,,,,,,,,,,,,,28,2,1,,5,3,(2) Moral,,M_G_P_Vign|MGPTime2|MGP_Feel|MGPTime1,,,,,,,38.89239502,-77.07350159,-1
R_28U2MDJCWtNgM1v,Default Response Set,Anonymous,,,50.165.49.160,0,7/24/2016 11:22,7/24/2016 11:24,1,1,,,,,,,,,,,,,,,,,,,,,,,,,,,,,,,,,,,,,,,,,,,,,,,,,,,,,,,,,,,,,,,,,,,,5.568,5.568,6.253,1,7,0,0,83.005,0,,,,,,,,,,,,,,22,1,5,,4,6,(3) Immoral,,,,,,,T_B_P_Vign|TBPTime2|TBP_Feel|TBPTime1,,41.584198,-87.49559784,-1
R_3CqnD1Et3ZKrIoF,Default Response Set,Anonymous,,,75.74.188.220,0,7/24/2016 11:23,7/24/2016 11:25,1,1,,5.301,5.301,6.092,1,6,0,0,33.842,0,,,,,,,,,,,,,,,,,,,,,,,,,,,,,,,,,,,,,,,,,,,,,,,,,,,,,,,,,,,,,,,,,,,,,,,,,,,,,,,,21,1,1,,4,6,(1) Moral,S_G_P_Vign|SGPTime2|SGP_Feel|SGPTime1,,,,,,,,26.02119446,-80.1894989,-1
R_3RpUSyoS8FpNAWh,Default Response Set,Anonymous,,,73.43.80.127,0,7/24/2016 11:23,7/24/2016 11:26,1,1,,,,,,,,,,,,,,,,,,,,,,,,,,,,,,,,,,,,,,,,,,,,,,,,,,,,,,,,,,,,,,,,,,,,12.746,12.746,13.581,1,,4.962,41.274,42.145,4,7,,,,,,,,,,,,,56,2,5,,4,7,(3) Immoral,,,,,,,T_B_P_Vign|TBPTime2|TBP_Happy|TBPTime1,,34.20730591,-84.14019775,-1
R_3fCYBfVs6g0kAfF,Default Response Set,Anonymous,,,52.144.44.143,0,7/24/2016 11:24,7/24/2016 11:27,1,1,,,,,,,,,,,,,,,,,,,,,,,,,,,,,,,,,,,,,,,,,,,,,,,,,,,,,,,,,22.918,22.918,24.964,1,,68.981,68.981,70.009,1,3,,,,,,,,,,,,,,,,,,,,,,,,30,1,4,,5,5,(2) Immoral,,,,,,M_B_P_Vign|MBPTime2|MBP_Happy|MBPTime1,,,39.5644989,-75.59700012,-1
R_1lmoQ695I6QavF8,Default Response Set,Anonymous,,,184.16.214.108,0,7/24/2016 11:25,7/24/2016 11:27,1,1,,,,,,,,,,,,,,,,,,,,,,,,,,,,,,,,,,,35.651,37.541,38.951,2,5,5.615,13.324,71.613,3,,,,,,,,,,,,,,,,,,,,,,,,,,,,,,,,,,,,,,,,,,,,,,,33,2,5,,2,6,(4) Moral,,,,G_G_P_Vign|GGPTime2|GGP_Feel|GGPTime1,,,,,41.23060608,-85.31939697,-1
R_21sMmCdgbu8XKWO,Default Response Set,Anonymous,,,68.54.11.152,0,7/24/2016 11:27,7/24/2016 11:28,1,1,,,,,,,,,,,,,,,,,,,,,,,,,,,,,,,,,,,,,,,,,,,,,,5.68,9.533,10.1,2,5,0,0,10.837,0,,,,,,,,,,,,,,,,,,,,,,,,,,,,,,,,,,,,24,1,5,,5,4,(1) Immoral,,,,,S_B_P_Vign|SBPTime2|SBP_Feel|SBPTime1,,,,42.5644989,-83.06469727,-1
R_RPQlQE57499eOxb,Default Response Set,Anonymous,,,24.217.177.205,0,7/24/2016 11:30,7/24/2016 11:31,1,1,,,,,,,,,,,,,,,,,,,,,,,,,,,,,,,,,,,,,,,,,,,,,,,,,,,,,,,,,,,,,,,,,,,,,,,,,,,,,,,10.196,11.181,11.954,2,6,33.738,33.738,61.986,1,,,41,1,5,,5,6,(4) Immoral,,,,,,,,G_B_P_Vign|GBPTime2|GBP_Feel|GBPTime1,37.81460571,-90.55210114,-1
R_2dEiICwCSCItBa6,Default Response Set,Anonymous,,,66.60.120.202,0,7/24/2016 11:31,7/24/2016 11:32,1,1,,,,,,,,,,,,,5.872,5.872,6.753,1,,0,0,23.468,0,7,,,,,,,,,,,,,,,,,,,,,,,,,,,,,,,,,,,,,,,,,,,,,,,,,,,,,,,,,,,,,,,,,,,,30,2,5,,5,5,(2) Moral,,M_G_P_Vign|MGPTime2|MGP_Happy|MGPTime1,,,,,,,40.71740723,-111.5533981,-1
R_2bUDWjMN26VeucV,Default Response Set,Anonymous,,,67.250.108.40,0,7/24/2016 11:32,7/24/2016 11:34,1,1,,19.297,19.297,20.563,1,,0,0,45.64,0,7,,,,,,,,,,,,,,,,,,,,,,,,,,,,,,,,,,,,,,,,,,,,,,,,,,,,,,,,,,,,,,,,,,,,,,,,,,,,,,,34,2,5,,2,7,(1) Moral,S_G_P_Vign|SGPTime2|SGP_Happy|SGPTime1,,,,,,,,40.59660339,-74.07749939,-1
R_eybaQ4aJmXYeXTz,Default Response Set,Anonymous,,,216.66.74.22,0,7/24/2016 11:28,7/24/2016 11:34,1,1,,,,,,,,,,,,,,,,,,,,,,,,,,,,,,,,,,,,,,,,,,,,,,,,,,,,,,,,,,,,,,,,,,,,9.928,9.928,10.721,1,7,0,0,317.505,0,,,,,,,,,,,,,,29,2,5,,4,7,(3) Immoral,,,,,,,T_B_P_Vign|TBPTime2|TBP_Feel|TBPTime1,,31.47889709,-97.09259796,-1
R_UbunOuwntIYxOvf,Default Response Set,Anonymous,,,98.229.46.8,0,7/24/2016 11:33,7/24/2016 11:35,1,1,,,,,,,,,,,,,,,,,,,,,,,,,,,,,,,,,,,,,,,,,,,,,,,,,,,,,,,,,2.981,2.981,8.565,1,7,43.225,43.903,45.962,2,,,,,,,,,,,,,,,,,,,,,,,,,42,2,5,,5,8,(2) Immoral,,,,,,M_B_P_Vign|MBPTime2|MBP_Feel|MBPTime1,,,42.70840454,-71.14350128,-1
R_3GqvGLQGY689o1s,Default Response Set,Anonymous,,,72.166.97.18,0,7/24/2016 11:34,7/24/2016 11:35,1,1,,,,,,,,,,,,,,,,,,,,,,,,,,,,,,,,,,,,,,,,,,,,,,4.986,4.986,6.457,1,,0,0,38.334,0,7,,,,,,,,,,,,,,,,,,,,,,,,,,,,,,,,,,,29,1,5,,3,7,(1) Immoral,,,,,S_B_P_Vign|SBPTime2|GBP_Happy|SBPTime1,,,,38.88169861,-92.40200043,-1
R_3iJwIab6rbFES3G,Default Response Set,Anonymous,,,173.30.166.157,0,7/24/2016 11:34,7/24/2016 11:35,1,1,,,,,,,,,,,,,,,,,,,,,,,,,,,,,,,,,,,10.432,12.344,13.505,2,,0,0,30.837,0,5,,,,,,,,,,,,,,,,,,,,,,,,,,,,,,,,,,,,,,,,,,,,,,43,2,5,,4,6,(4) Moral,,,,G_G_P_Vign|GGPTime2|GGP_Happy|GGPTime1,,,,,40.83210754,-84.94509888,-1
R_2bIhaPHE7rCP5ba,Default Response Set,Anonymous,,,184.96.174.62,0,7/24/2016 11:34,7/24/2016 11:36,1,1,,,,,,,,,,,,,,,,,,,,,,,,,,,,,,,,,,,9.028,9.028,9.874,1,,0,0,54.587,0,7,,,,,,,,,,,,,,,,,,,,,,,,,,,,,,,,,,,,,,,,,,,,,,52,2,5,,6,3,(4) Moral,,,,G_G_P_Vign|GGPTime2|GGP_Happy|GGPTime1,,,,,39.82879639,-105.0606995,-1
R_2wgGjMNHbpmohVe,Default Response Set,Anonymous,,,75.136.84.148,0,7/24/2016 11:35,7/24/2016 11:36,1,1,,,,,,,,,,,,,,,,,,,,,,,,,,,,,,,,,,,,,,,,,,,,,,3.74,3.74,5.615,1,,3.867,3.867,20.173,1,6,,,,,,,,,,,,,,,,,,,,,,,,,,,,,,,,,,,28,2,5,,5,6,(1) Immoral,,,,,S_B_P_Vign|SBPTime2|GBP_Happy|SBPTime1,,,,42.24850464,-71.76560211,-1
R_2sYkDQeyXN9kJfY,Default Response Set,Anonymous,,,108.40.126.42,0,7/24/2016 11:36,7/24/2016 11:37,1,1,,,,,,,,,,,,,4.416,4.416,5.051,1,,0,0,19.401,0,7,,,,,,,,,,,,,,,,,,,,,,,,,,,,,,,,,,,,,,,,,,,,,,,,,,,,,,,,,,,,,,,,,,,,27,2,5,,3,4,(2) Moral,,M_G_P_Vign|MGPTime2|MGP_Happy|MGPTime1,,,,,,,39.25700378,-76.79460144,-1
R_1nTqazpDK0zKR9T,Default Response Set,Anonymous,,,70.44.79.119,0,7/24/2016 11:35,7/24/2016 11:37,1,1,,,,,,,,,,,,,,,,,,,,,,,,5.322,5.322,6.398,1,,0,0,37.198,0,7,,,,,,,,,,,,,,,,,,,,,,,,,,,,,,,,,,,,,,,,,,,,,,,,,,,,,,,,,56,2,5,,4,8,(3) Moral,,,T_G_P_Vign|TGPTime2|TGP_Happy|TGPTime1,,,,,,40.33250427,-75.85590363,-1
R_8cZ0RuPJCFhNIGd,Default Response Set,Anonymous,,,206.63.86.204,0,7/24/2016 11:36,7/24/2016 11:37,1,1,,,,,,,,,,,,,,,,,,,,,,,,,,,,,,,,,,,,,,,,,,,,,,,,,,,,,,,,,4.689,8.832,9.67,2,,0,0,27.3,0,6,,,,,,,,,,,,,,,,,,,,,,,,25,2,5,,4,8,(2) Immoral,,,,,,M_B_P_Vign|MBPTime2|MBP_Happy|MBPTime1,,,48.15539551,-117.2402954,-1
R_1GVVv7Qns4Gv88f,Default Response Set,Anonymous,,,98.166.126.224,0,7/24/2016 11:36,7/24/2016 11:37,1,1,,,,,,,,,,,,,,,,,,,,,,,,,,,,,,,,,,,,,,,,,,,,,,,,,,,,,,,,,,,,,,,,,,,,,,,,,,,,,,,7.176,7.176,9.256,1,7,0,0,30.942,0,,,42,1,5,,5,4,(4) Immoral,,,,,,,,G_B_P_Vign|GBPTime2|GBP_Feel|GBPTime1,37.13000488,-76.45030212,-1
R_BVY8uLwfXyxWfEB,Default Response Set,Anonymous,,,98.178.171.75,0,7/24/2016 11:32,7/24/2016 11:38,1,1,,,,,,,,,,,,,,,,,,,,,,,,,,,,,,,,,,,,,,,,,,,,,,,,,,,,,,,,,,,,,,,,,,,,4.087,6.657,7.455,4,5,0,0,44.058,0,,,,,,,,,,,,,,25,2,5,,3,9,(3) Immoral,,,,,,,T_B_P_Vign|TBPTime2|TBP_Feel|TBPTime1,,36.146698,-95.90450287,-1
R_1CIQt2ZpZzeW0Pm,Default Response Set,Anonymous,,,24.100.154.66,0,7/24/2016 11:37,7/24/2016 11:39,1,1,,,,,,,,,,,,,6.467,6.467,7.413,1,7,0,0,24.873,0,,,,,,,,,,,,,,,,,,,,,,,,,,,,,,,,,,,,,,,,,,,,,,,,,,,,,,,,,,,,,,,,,,,,,36,2,5,,2,9,(2) Moral,,M_G_P_Vign|MGPTime2|MGP_Feel|MGPTime1,,,,,,,36.7808075,-89.99990082,-1
R_sMqisIJiQfBFP5D,Default Response Set,Anonymous,,,99.190.114.138,0,7/24/2016 11:37,7/24/2016 11:39,1,1,,,,,,,,,,,,,,,,,,,,,,,,,,,,,,,,,,,,,,,,,,,,,,,,,,,,,,,,,,,,,,,,,,,,21.947,21.947,22.71,1,7,5.476,14.316,51.749,3,,,,,,,,,,,,,,64,2,1,,4,5,(3) Immoral,,,,,,,T_B_P_Vign|TBPTime2|TBP_Feel|TBPTime1,,34.24169922,-118.5503998,-1
R_1E3RaXfQmMBT6zB,Default Response Set,Anonymous,,,72.222.156.135,0,7/24/2016 11:37,7/24/2016 11:39,1,1,,,,,,,,,,,,,,,,,,,,,,,,16.919,16.919,17.7,1,7,0,0,44.996,0,,,,,,,,,,,,,,,,,,,,,,,,,,,,,,,,,,,,,,,,,,,,,,,,,,,,,,,,,,56,2,5,,4,8,(3) Moral,,,T_G_P_Vign|TGPTime2|TGP_Feel|TGPTime1,,,,,,33.60960388,-112.3772964,-1
R_3CWrueZcimzpoiB,Default Response Set,Anonymous,,,74.73.94.148,0,7/24/2016 11:40,7/24/2016 11:41,1,1,,,,,,,,,,,,,,,,,,,,,,,,,,,,,,,,,,,6.184,8.231,8.888,2,6,0,0,19.036,0,,,,,,,,,,,,,,,,,,,,,,,,,,,,,,,,,,,,,,,,,,,,,,,28,2,5,,5,4,(4) Moral,,,,G_G_P_Vign|GGPTime2|GGP_Feel|GGPTime1,,,,,40.76220703,-73.91210175,-1
R_diou3hbmTZRqeuR,Default Response Set,Anonymous,,,98.125.57.60,0,7/24/2016 11:34,7/24/2016 11:41,1,1,,,,,,,,,,,,,,,,,,,,,,,,,,,,,,,,,,,,,,,,,,,,,,,,,,,,,,,,,14.598,14.598,15.574,1,7,0,0,36.703,0,,,,,,,,,,,,,,,,,,,,,,,,,39,2,5,,2,6,(2) Immoral,,,,,,M_B_P_Vign|MBPTime2|MBP_Feel|MBPTime1,,,43.01190186,-88.69960022,-1
R_11azUzaujoZn6NP,Default Response Set,Anonymous,,,73.223.77.8,0,7/24/2016 11:40,7/24/2016 11:41,1,1,,,,,,,,,,,,,,,,,,,,,,,,,,,,,,,,,,,,,,,,,,,,,,,,,,,,,,,,,,,,,,,,,,,,,,,,,,,,,,,8.832,10.05,10.553,2,,0,0,28.771,0,6,,29,2,3,,6,3,(4) Immoral,,,,,,,,G_B_P_Vign|GBPTime2|GBP_Happy|GBPTime1,38.16990662,-121.9366989,-1
R_23dznaOvpjaD58J,Default Response Set,Anonymous,,,108.220.156.170,0,7/24/2016 11:40,7/24/2016 11:42,1,1,,9.892,9.892,12.347,1,,0,0,29.856,0,7,,,,,,,,,,,,,,,,,,,,,,,,,,,,,,,,,,,,,,,,,,,,,,,,,,,,,,,,,,,,,,,,,,,,,,,,,,,,,,,60,2,5,,6,5,(1) Moral,S_G_P_Vign|SGPTime2|SGP_Happy|SGPTime1,,,,,,,,37.95680237,-87.35150146,-1
R_xAzH60q0eaxhMjL,Default Response Set,Anonymous,,,71.64.112.240,0,7/24/2016 11:28,7/24/2016 11:42,1,1,,,,,,,,,,,,,,,,,,,,,,,,,,,,,,,,,,,,,,,,,,,,,,8.438,8.438,10.245,1,7,0,0,40.84,0,,,,,,,,,,,,,,,,,,,,,,,,,,,,,,,,,,,,52,2,5,,6,5,(1) Immoral,,,,,S_B_P_Vign|SBPTime2|SBP_Feel|SBPTime1,,,,41.1006012,-81.6446991,-1
R_12tEJkyG7mWtLO5,Default Response Set,Anonymous,,,98.213.241.163,0,7/24/2016 11:43,7/24/2016 11:44,1,1,,,,,,,,,,,,,,,,,,,,,,,,,,,,,,,,,,,,,,,,,,,,,,,,,,,,,,,,,6.662,6.662,7.921,1,7,0,0,30.765,0,,,,,,,,,,,,,,,,,,,,,,,,,34,2,5,,5,5,(2) Immoral,,,,,,M_B_P_Vign|MBPTime2|MBP_Feel|MBPTime1,,,42.28430176,-89.01249695,-1
R_1GZIfXccdkgDVdJ,Default Response Set,Anonymous,,,66.228.57.78,0,7/24/2016 11:43,7/24/2016 11:45,1,1,,,,,,,,,,,,,,,,,,,,,,,,4.387,4.387,5.113,1,,0,0,24.74,0,6,,,,,,,,,,,,,,,,,,,,,,,,,,,,,,,,,,,,,,,,,,,,,,,,,,,,,,,,,30,1,3,,4,5,(3) Moral,,,T_G_P_Vign|TGPTime2|TGP_Happy|TGPTime1,,,,,,33.74899292,-84.38800049,-1
R_21mNbPyaCjnN7HN,Default Response Set,Anonymous,,,99.91.210.250,0,7/24/2016 11:43,7/24/2016 11:45,1,1,,,,,,,,,,,,,,,,,,,,,,,,,,,,,,,,,,,,,,,,,,,,,,10.787,10.787,11.727,1,7,0,0,36.777,0,,,,,,,,,,,,,,,,,,,,,,,,,,,,,,,,,,,,69,2,5,,5,3,(1) Immoral,,,,,S_B_P_Vign|SBPTime2|SBP_Feel|SBPTime1,,,,42.72860718,-83.14759827,-1
R_bQ1jHzF23yfR5Hb,Default Response Set,Anonymous,,,184.5.158.61,0,7/24/2016 11:35,7/24/2016 11:45,1,1,,8.597,8.597,9.241,1,7,0,0,572.298,0,,,,,,,,,,,,,,,,,,,,,,,,,,,,,,,,,,,,,,,,,,,,,,,,,,,,,,,,,,,,,,,,,,,,,,,,,,,,,,,,24,2,5,,5,7,(1) Moral,S_G_P_Vign|SGPTime2|SGP_Feel|SGPTime1,,,,,,,,37.60099792,-78.61270142,-1
R_3ixIkrlOErAExFw,Default Response Set,Anonymous,,,64.53.241.118,0,7/24/2016 11:45,7/24/2016 11:46,1,1,,,,,,,,,,,,,,,,,,,,,,,,,,,,,,,,,,,,,,,,,,,,,,,,,,,,,,,,,,,,,,,,,,,,4.46,4.46,5.406,1,,0,0,44.49,0,7,,,,,,,,,,,,,32,2,5,,5,8,(3) Immoral,,,,,,,T_B_P_Vign|TBPTime2|TBP_Happy|TBPTime1,,41.66610718,-87.86270142,-1
R_2ZNUJGJiYIjdxKG,Default Response Set,Anonymous,,,162.229.22.91,0,7/24/2016 11:45,7/24/2016 11:46,1,1,,,,,,,,,,,,,,,,,,,,,,,,,,,,,,,,,,,,,,,,,,,,,,,,,,,,,,,,,,,,,,,,,,,,,,,,,,,,,,,10.113,10.113,10.667,1,,0,0,40.382,0,6,,33,1,5,,4,8,(4) Immoral,,,,,,,,G_B_P_Vign|GBPTime2|GBP_Happy|GBPTime1,37.32679749,-87.46959686,-1
R_3Pvp7hJYzw4yrTp,Default Response Set,Anonymous,,,68.63.2.208,0,7/24/2016 11:45,7/24/2016 11:46,1,1,,,,,,,,,,,,,2.737,2.737,6.615,1,,0,0,62.169,0,7,,,,,,,,,,,,,,,,,,,,,,,,,,,,,,,,,,,,,,,,,,,,,,,,,,,,,,,,,,,,,,,,,,,,23,1,1,,2,6,(2) Moral,,M_G_P_Vign|MGPTime2|MGP_Happy|MGPTime1,,,,,,,30.3993988,-84.17250061,-1
R_2VdXfkQ3tlOKVeP,Default Response Set,Anonymous,,,108.94.130.229,0,7/24/2016 11:45,7/24/2016 11:47,1,1,,15.679,15.679,16.446,1,7,14.38,14.38,55.491,1,,,,,,,,,,,,,,,,,,,,,,,,,,,,,,,,,,,,,,,,,,,,,,,,,,,,,,,,,,,,,,,,,,,,,,,,,,,,,,,,32,2,5,,6,5,(1) Moral,S_G_P_Vign|SGPTime2|SGP_Feel|SGPTime1,,,,,,,,41.44110107,-81.74169922,-1
R_XAoTUtWFeEoI5l7,Default Response Set,Anonymous,,,208.71.219.45,0,7/24/2016 11:46,7/24/2016 11:47,1,1,,,,,,,,,,,,,,,,,,,,,,,,,,,,,,,,,,,,,,,,,,,,,,,,,,,,,,,,,5.285,5.285,7.131,1,,0,0,26.468,0,1,,,,,,,,,,,,,,,,,,,,,,,,33,2,4,,2,4,(2) Immoral,,,,,,M_B_P_Vign|MBPTime2|MBP_Happy|MBPTime1,,,45.87519836,-102.2064972,-1
R_2PuKGUerDQpFzFb,Default Response Set,Anonymous,,,98.210.228.117,0,7/24/2016 11:46,7/24/2016 11:47,1,1,,,,,,,,,,,,,2.596,2.596,3.456,1,7,0,0,28.976,0,,,,,,,,,,,,,,,,,,,,,,,,,,,,,,,,,,,,,,,,,,,,,,,,,,,,,,,,,,,,,,,,,,,,,33,2,5,,5,6,(2) Moral,,M_G_P_Vign|MGPTime2|MGP_Feel|MGPTime1,,,,,,,37.89590454,-122.5662994,-1
R_2S39xzHXLYn86Zq,Default Response Set,Anonymous,,,96.94.44.177,0,7/24/2016 11:45,7/24/2016 11:48,1,1,,,,,,,,,,,,,,,,,,,,,,,,,,,,,,,,,,,27.927,27.927,29.201,1,7,0,0,54.123,0,,,,,,,,,,,,,,,,,,,,,,,,,,,,,,,,,,,,,,,,,,,,,,,57,2,5,,4,5,(4) Moral,,,,G_G_P_Vign|GGPTime2|GGP_Feel|GGPTime1,,,,,30.28779602,-81.42639923,-1
R_3qIfZg1rsU8nWeX,Default Response Set,Anonymous,,,73.168.146.149,0,7/24/2016 11:47,7/24/2016 11:49,1,1,,,,,,,,,,,,,,,,,,,,,,,,,,,,,,,,,,,,,,,,,,,,,,,,,,,,,,,,,,,,,,,,,,,,11.666,11.666,12.399,1,,0,0,53.269,0,7,,,,,,,,,,,,,40,1,5,,2,9,(3) Immoral,,,,,,,T_B_P_Vign|TBPTime2|TBP_Happy|TBPTime1,,39.16229248,-84.89109802,-1
R_1QGBUiLYZyNTKCE,Default Response Set,Anonymous,,,104.60.65.13,0,7/24/2016 11:49,7/24/2016 11:50,1,1,,7.895,7.895,10.607,1,,0,0,48.922,0,7,,,,,,,,,,,,,,,,,,,,,,,,,,,,,,,,,,,,,,,,,,,,,,,,,,,,,,,,,,,,,,,,,,,,,,,,,,,,,,,31,1,5,,3,6,(1) Moral,S_G_P_Vign|SGPTime2|SGP_Happy|SGPTime1,,,,,,,,36.06089783,-86.96089935,-1
R_3Eot3QkFvgZJMRu,Default Response Set,Anonymous,,,108.215.125.30,0,7/24/2016 11:51,7/24/2016 11:52,1,1,,,,,,,,,,,,,,,,,,,,,,,,,,,,,,,,,,,,,,,,,,,,,,,,,,,,,,,,,,,,,,,,,,,,,,,,,,,,,,,7.919,7.919,8.547,1,7,0,0,32.686,0,,,39,2,5,,5,3,(4) Immoral,,,,,,,,G_B_P_Vign|GBPTime2|GBP_Feel|GBPTime1,33.79299927,-84.44319916,-1
R_3JbfPhtvSQi7e9i,Default Response Set,Anonymous,,,108.171.130.170,0,7/24/2016 11:54,7/24/2016 11:54,1,1,,6.044,6.044,6.864,1,4,0,0,8.674,0,,,,,,,,,,,,,,,,,,,,,,,,,,,,,,,,,,,,,,,,,,,,,,,,,,,,,,,,,,,,,,,,,,,,,,,,,,,,,,,,34,1,5,,5,7,(1) Moral,S_G_P_Vign|SGPTime2|SGP_Feel|SGPTime1,,,,,,,,40.78010559,-74.06330109,-1
R_yDx8fcCmoba27sZ,Default Response Set,Anonymous,,,71.197.34.117,0,7/24/2016 11:55,7/24/2016 11:56,1,1,,,,,,,,,,,,,,,,,,,,,,,,,,,,,,,,,,,,,,,,,,,,,,,,,,,,,,,,,,,,,,,,,,,,2.329,2.329,8.75,1,6,3.823,7.856,38.535,3,,,,,,,,,,,,,,33,1,5,,2,7,(3) Immoral,,,,,,,T_B_P_Vign|TBPTime2|TBP_Feel|TBPTime1,,29.92149353,-81.37850189,-1
R_2B4p8C1HLsczEOv,Default Response Set,Anonymous,,,75.9.168.75,0,7/24/2016 11:55,7/24/2016 11:56,1,1,,,,,,,,,,,,,,,,,,,,,,,,4.975,4.975,5.618,1,,17.603,17.603,30.821,1,7,,,,,,,,,,,,,,,,,,,,,,,,,,,,,,,,,,,,,,,,,,,,,,,,,,,,,,,,,26,2,5,,4,5,(3) Moral,,,T_G_P_Vign|TGPTime2|TGP_Happy|TGPTime1,,,,,,43.02819824,-88.29489899,-1
R_24ckE58douLhi9W,Default Response Set,Anonymous,,,73.74.98.58,0,7/24/2016 11:55,7/24/2016 11:57,1,1,,,,,,,,,,,,,,,,,,,,,,,,,,,,,,,,,,,,,,,,,,,,,,7.583,7.583,8.431,1,,19.402,48.592,53.556,75,6,,,,,,,,,,,,,,,,,,,,,,,,,,,,,,,,,,,39,2,5,,4,7,(1) Immoral,,,,,S_B_P_Vign|SBPTime2|GBP_Happy|SBPTime1,,,,41.94659424,-87.74659729,-1
R_10ZcIKKyr15SbHz,Default Response Set,Anonymous,,,24.171.81.133,0,7/24/2016 11:55,7/24/2016 11:57,1,1,,,,,,,,,,,,,,,,,,,,,,,,,,,,,,,,,,,,,,,,,,,,,,,,,,,,,,,,,,,,,,,,,,,,,,,,,,,,,,,14.109,17.821,19.043,2,,0,0,43.351,0,6,,77,2,5,,2,9,(4) Immoral,,,,,,,,G_B_P_Vign|GBPTime2|GBP_Happy|GBPTime1,38.81419373,-91.20760345,-1
R_b4lSXkrHYT9XKWR,Default Response Set,Anonymous,,,71.162.202.31,0,7/24/2016 11:49,7/24/2016 11:57,1,1,,,,,,,,,,,,,,,,,,,,,,,,,,,,,,,,,,,27.692,27.692,28.332,1,,3.697,403.356,416.851,5,7,,,,,,,,,,,,,,,,,,,,,,,,,,,,,,,,,,,,,,,,,,,,,,32,1,5,,6,5,(4) Moral,,,,G_G_P_Vign|GGPTime2|GGP_Happy|GGPTime1,,,,,39.15879822,-75.49410248,-1
R_vddmhqdaUu2reDv,Default Response Set,Anonymous,,,75.87.217.116,0,7/24/2016 11:57,7/24/2016 11:58,1,1,,,,,,,,,,,,,,,,,,,,,,,,,,,,,,,,,,,,,,,,,,,,,,,,,,,,,,,,,5.159,5.159,6.501,1,,2.146,2.146,26.437,1,6,,,,,,,,,,,,,,,,,,,,,,,,47,2,5,,5,5,(2) Immoral,,,,,,M_B_P_Vign|MBPTime2|MBP_Happy|MBPTime1,,,44.39059448,-88.03099823,-1
R_UbwQ9QPKojCysc9,Default Response Set,Anonymous,,,24.153.63.216,0,7/24/2016 11:57,7/24/2016 11:58,1,1,,,,,,,,,,,,,,,,,,,,,,,,,,,,,,,,,,,6.2,10.987,12.015,3,7,0,0,29.636,0,,,,,,,,,,,,,,,,,,,,,,,,,,,,,,,,,,,,,,,,,,,,,,,19,2,1,,5,8,(4) Moral,,,,G_G_P_Vign|GGPTime2|GGP_Feel|GGPTime1,,,,,37.74360657,-76.35230255,-1
R_12eRJ07puyAgb1U,Default Response Set,Anonymous,,,76.7.151.211,0,7/24/2016 11:58,7/24/2016 11:58,1,1,,,,,,,,,,,,,,,,,,,,,,,,,,,,,,,,,,,,,,,,,,,,,,,,,,,,,,,,,,,,,,,,,,,,,,,,,,,,,,,2.563,2.563,3.926,1,6,0,0,18.912,0,,,26,1,5,,5,5,(4) Immoral,,,,,,,,G_B_P_Vign|GBPTime2|GBP_Feel|GBPTime1,36.3197937,-82.32019806,-1
R_125MkAYPc23CFyH,Default Response Set,Anonymous,,,70.178.166.156,0,7/24/2016 11:58,7/24/2016 11:59,1,1,,,,,,,,,,,,,,,,,,,,,,,,,,,,,,,,,,,4.78,4.78,7.36,1,,0,0,35.151,0,7,,,,,,,,,,,,,,,,,,,,,,,,,,,,,,,,,,,,,,,,,,,,,,51,1,5,,5,6,(4) Moral,,,,G_G_P_Vign|GGPTime2|GGP_Happy|GGPTime1,,,,,35.40989685,-94.38770294,-1
R_32JDFvJmrFoGPg9,Default Response Set,Anonymous,,,98.206.78.112,0,7/24/2016 11:58,7/24/2016 12:00,1,1,,,,,,,,,,,,,,,,,,,,,,,,,,,,,,,,,,,,,,,,,,,,,,,,,,,,,,,,,,,,,,,,,,,,13.113,13.113,13.553,1,,0,0,35.382,0,7,,,,,,,,,,,,,19,1,5,,4,7,(3) Immoral,,,,,,,T_B_P_Vign|TBPTime2|TBP_Happy|TBPTime1,,41.35809326,-86.31220245,-1
R_2tg144r40QXDf9z,Default Response Set,Anonymous,,,32.209.71.101,0,7/24/2016 11:53,7/24/2016 12:03,1,1,,,,,,,,,,,,,,,,,,,,,,,,16.769,16.769,18.132,1,7,0,0,421.985,0,,,,,,,,,,,,,,,,,,,,,,,,,,,,,,,,,,,,,,,,,,,,,,,,,,,,,,,,,,30,2,5,,6,6,(3) Moral,,,T_G_P_Vign|TGPTime2|TGP_Feel|TGPTime1,,,,,,41.33329773,-73.10189819,-1
R_RwOpQBd8r3S6vpT,Default Response Set,Anonymous,,,75.211.124.213,0,7/24/2016 12:01,7/24/2016 12:03,1,1,,,,,,,,,,,,,,,,,,,,,,,,,,,,,,,,,,,,,,,,,,,,,,,,,,,,,,,,,18.847,18.847,20.38,1,7,0,0,73.957,0,,,,,,,,,,,,,,,,,,,,,,,,,56,1,5,,5,8,(2) Immoral,,,,,,M_B_P_Vign|MBPTime2|MBP_Feel|MBPTime1,,,37.75100708,-97.8219986,-1
R_3e96Fy1WI62zGd4,Default Response Set,Anonymous,,,67.166.44.230,0,7/24/2016 12:02,7/24/2016 12:04,1,1,,,,,,,,,,,,,,,,,,,,,,,,12.443,12.443,13.259,1,7,0,0,25.161,0,,,,,,,,,,,,,,,,,,,,,,,,,,,,,,,,,,,,,,,,,,,,,,,,,,,,,,,,,,52,1,5,,6,4,(3) Moral,,,T_G_P_Vign|TGPTime2|TGP_Feel|TGPTime1,,,,,,40.01530457,-105.1075974,-1
R_2Wwk2GKnWnlenK5,Default Response Set,Anonymous,,,70.190.45.136,0,7/24/2016 12:15,7/24/2016 12:16,1,1,,,,,,,,,,,,,8.539,8.539,9.122,1,7,21.269,21.269,21.747,1,,,,,,,,,,,,,,,,,,,,,,,,,,,,,,,,,,,,,,,,,,,,,,,,,,,,,,,,,,,,,,,,,,,,,20,1,2,,4,8,(2) Moral,,M_G_P_Vign|MGPTime2|MGP_Feel|MGPTime1,,,,,,,33.38330078,-112.1115036,-1
R_2rVp531csw6oDg6,Default Response Set,Anonymous,,,75.23.180.207,0,7/24/2016 12:18,7/24/2016 12:19,1,1,,6.772,6.772,7.29,1,7,6.234,8.411,28.821,3,,,,,,,,,,,,,,,,,,,,,,,,,,,,,,,,,,,,,,,,,,,,,,,,,,,,,,,,,,,,,,,,,,,,,,,,,,,,,,,,28,2,5,,4,7,(1) Moral,S_G_P_Vign|SGPTime2|SGP_Feel|SGPTime1,,,,,,,,33.78860474,-117.930603,-1
R_2dnJpiFLfhtNy0O,Default Response Set,Anonymous,,,75.65.80.141,0,7/24/2016 12:20,7/24/2016 12:22,1,1,,,,,,,,,,,,,,,,,,,,,,,,,,,,,,,,,,,,,,,,,,,,,,,,,,,,,,,,,,,,,,,,,,,,,,,,,,,,,,,3.227,3.227,6.208,1,,0,0,38.102,0,1,,27,2,5,,4,8,(4) Immoral,,,,,,,,G_B_P_Vign|GBPTime2|GBP_Happy|GBPTime1,32.40299988,-93.90200043,-1
R_PS4zxVNE9bNtEzL,Default Response Set,Anonymous,,,68.114.63.127,0,7/24/2016 12:20,7/24/2016 12:22,1,1,,4.974,4.974,6.386,1,,0,0,32.335,0,7,,,,,,,,,,,,,,,,,,,,,,,,,,,,,,,,,,,,,,,,,,,,,,,,,,,,,,,,,,,,,,,,,,,,,,,,,,,,,,,53,2,5,,5,7,(1) Moral,S_G_P_Vign|SGPTime2|SGP_Happy|SGPTime1,,,,,,,,42.13580322,-71.64309692,-1
R_8BTrXZ0j2r1Ig7f,Default Response Set,Anonymous,,,66.159.242.242,0,7/24/2016 12:25,7/24/2016 12:26,1,1,,,,,,,,,,,,,8.866,8.866,14.174,1,,33.971,33.971,38.58,1,6,,,,,,,,,,,,,,,,,,,,,,,,,,,,,,,,,,,,,,,,,,,,,,,,,,,,,,,,,,,,,,,,,,,,47,1,5,,4,10,(2) Moral,,M_G_P_Vign|MGPTime2|MGP_Happy|MGPTime1,,,,,,,34.2006073,-117.7050018,-1
R_2zGwc451Kzi2pNU,Default Response Set,Anonymous,,,71.62.158.123,0,7/24/2016 12:29,7/24/2016 12:31,1,1,,,,,,,,,,,,,,,,,,,,,,,,12.276,12.276,15.521,1,,0,0,51.192,0,7,,,,,,,,,,,,,,,,,,,,,,,,,,,,,,,,,,,,,,,,,,,,,,,,,,,,,,,,,24,2,1,,5,5,(3) Moral,,,T_G_P_Vign|TGPTime2|TGP_Happy|TGPTime1,,,,,,37.26690674,-80.43250275,-1
R_2wsK3XcFyuqtXoj,Default Response Set,Anonymous,,,173.170.133.186,0,7/24/2016 12:34,7/24/2016 12:35,1,1,,,,,,,,,,,,,,,,,,,,,,,,,,,,,,,,,,,4.538,4.538,5.65,1,,27.565,27.565,28.585,1,7,,,,,,,,,,,,,,,,,,,,,,,,,,,,,,,,,,,,,,,,,,,,,,22,,,,,,(4) Moral,,,,G_G_P_Vign|GGPTime2|GGP_Happy|GGPTime1,,,,,27.59309387,-82.50509644,-1
R_1hydhsPwwz9AD9L,Default Response Set,Anonymous,,,64.38.75.66,0,7/24/2016 12:28,7/24/2016 12:36,1,1,,,,,,,,,,,,,,,,,,,,,,,,,,,,,,,,,,,,,,,,,,,,,,5.628,6.644,8.219,2,,0,0,350.65,0,1,,,,,,,,,,,,,,,,,,,,,,,,,,,,,,,,,,,28,2,2,,5,8,(1) Immoral,,,,,S_B_P_Vign|SBPTime2|GBP_Happy|SBPTime1,,,,34.25720215,-118.4194946,-1
R_2thPunX8Gg1ZJVO,Default Response Set,Anonymous,,,65.24.101.110,0,7/24/2016 12:59,7/24/2016 13:01,1,1,,,,,,,,,,,,,,,,,,,,,,,,,,,,,,,,,,,,,,,,,,,,,,,,,,,,,,,,,7.168,11.916,13.958,4,7,0,0,45.774,0,,,,,,,,,,,,,,,,,,,,,,,,,25,1,5,,5,5,(2) Immoral,,,,,,M_B_P_Vign|MBPTime2|MBP_Feel|MBPTime1,,,40.71359253,-82.80120087,-1
R_A0D09ZprdMuokWl,Default Response Set,Anonymous,,,174.104.13.169,0,7/24/2016 13:33,7/24/2016 13:34,1,1,,,,,,,,,,,,,,,,,,,,,,,,,,,,,,,,,,,,,,,,,,,,,,,,,,,,,,,,,,,,,,,,,,,,6.52,6.52,11.429,1,,0,0,49.433,0,7,,,,,,,,,,,,,66,1,5,,4,7,(3) Immoral,,,,,,,T_B_P_Vign|TBPTime2|TBP_Happy|TBPTime1,,40.83760071,-81.39350128,-1
