ResponseID,V2,V3,V4,V5,V6,V7,V8,V9,V10,Consent,immoVign,immoHappy,immoTime_1,immoTime_2,immoTime_3,immoTime_4,evilVign,evilHappy,evilTime_1,evilTime_2,evilTime_3,evilTime_4,DemoInstr,age,gender,ethnicity,ethnicity_TEXT,education,ses,DO-BR-FL_14,LocationLatitude,LocationLongitude,LocationAccuracy
R_1inxZsTghGLx03S,Default Response Set,Anonymous,,,207.109.7.82,0,7/20/2016 12:12,7/20/2016 12:14,1,1,,4,49.105,50.74,51.456,2,,,,,,,,30,2,5,,6,4,Immoral,45.26730347,-93.01959991,-1
R_1LoLSlYIk7UV7qs,Default Response Set,Anonymous,,,76.1.50.34,0,7/20/2016 12:12,7/20/2016 12:14,1,1,,7,41.824,44.883,47.033,2,,,,,,,,35,2,5,,4,9,Immoral,40.2539978,-83.36849976,-1
R_8HyNk46BcYzfPbz,Default Response Set,Anonymous,,,76.168.146.22,0,7/20/2016 12:13,7/20/2016 12:14,1,1,,4,29.783,32.789,36.359,2,,,,,,,,20,1,3,,4,7,Immoral,34.08869934,-118.3278046,-1
R_2eUM3Az7cupC4aq,Default Response Set,Anonymous,,,99.121.78.101,0,7/20/2016 12:13,7/20/2016 12:14,1,1,,,,,,,,4,56.86,56.86,57.914,1,,39,2,5,,5,4,Evil,42.76269531,-84.44270325,-1
R_RyG9UrGQxBkjTBT,Default Response Set,Anonymous,,,207.181.17.26,0,7/20/2016 12:14,7/20/2016 12:15,1,1,,,,,,,,6,38.985,38.985,39.933,1,,26,1,5,,5,4,Evil,43.17720032,-86.27320099,-1
R_2t06aTMVjN0gtNv,Default Response Set,Anonymous,,,173.65.15.10,0,7/20/2016 12:13,7/20/2016 12:15,1,1,,6,55.761,55.761,59.171,1,,,,,,,,53,2,5,,5,3,Immoral,27.88119507,-82.75209808,-1
R_2WHD9AbY6luj2ii,Default Response Set,Anonymous,,,71.244.196.242,0,7/20/2016 12:14,7/20/2016 12:15,1,1,,,,,,,,6,1.355,2.217,6.968,2,,25,1,5,,4,4,Evil,39.26939392,-76.74469757,-1
R_2w5kqoznCzZCxsG,Default Response Set,Anonymous,,,184.88.51.237,0,7/20/2016 12:12,7/20/2016 12:15,1,1,,,,,,,,6,78.825,78.825,90.183,1,,29,1,5,,2,8,Evil,28.53410339,-81.16470337,-1
R_yQ5yNdXERALwf5L,Default Response Set,Anonymous,,,72.185.23.235,0,7/20/2016 12:13,7/20/2016 12:15,1,1,,,,,,,,6,133.362,133.362,134.092,1,,43,1,5,,5,9,Evil,28.93449402,-82.47229767,-1
R_30tKV4cbTOLbg7b,Default Response Set,Anonymous,,,50.160.165.227,0,7/20/2016 12:14,7/20/2016 12:15,1,1,,4,44.92,44.92,49.269,1,,,,,,,,72,2,1,,6,4,Immoral,33.66870117,-84.46530151,-1
R_r1Jy8thMdYDcVnb,Default Response Set,Anonymous,,,47.20.4.3,0,7/20/2016 12:13,7/20/2016 12:16,1,1,,,,,,,,6,83.377,83.377,85.369,1,,29,2,4,,5,6,Evil,40.51829529,-74.39689636,-1
R_1LeFGkZ1kzG4Jcl,Default Response Set,Anonymous,,,71.74.24.243,0,7/20/2016 12:14,7/20/2016 12:16,1,1,,,,,,,,7,14.423,14.423,15.658,1,,33,2,5,,4,7,Evil,34.22050476,-77.87020111,-1
R_D5zXoc4ORzzIkSZ,Default Response Set,Anonymous,,,174.49.64.107,0,7/20/2016 12:15,7/20/2016 12:16,1,1,,6,1.794,34.185,34.595,6,,,,,,,,28,1,5,,5,5,Immoral,33.86509705,-84.89479828,-1
R_2EafDSfAiR3Fi15,Default Response Set,Anonymous,,,75.63.59.135,0,7/20/2016 12:15,7/20/2016 12:16,1,1,,6,5.967,26.408,27.613,3,,,,,,,,30,1,3,,5,5,Immoral,41.94630432,-87.81269836,-1
R_OqCeXGFcrIiCV0Z,Default Response Set,Anonymous,,,216.162.154.100,0,7/20/2016 12:15,7/20/2016 12:16,1,1,,2,2.214,31.067,32.909,5,,,,,,,,21,1,5,,5,6,Immoral,30.42030334,-84.25389862,-1
R_ZvNkm4E4AZU9xSx,Default Response Set,Anonymous,,,108.240.237.49,0,7/20/2016 12:14,7/20/2016 12:16,1,1,,,,,,,,6,12.136,45.057,45.547,3,,31,2,3,,5,6,Evil,34.01739502,-118.2004013,-1
R_8jZt0OKIOYeAkSJ,Default Response Set,Anonymous,,,96.40.52.245,0,7/20/2016 12:15,7/20/2016 12:16,1,1,,6,31.166,31.166,31.739,1,,,,,,,,48,1,5,,4,8,Immoral,32.69090271,-97.26380157,-1
R_2VDzFdFrMijG6Ow,Default Response Set,Anonymous,,,67.165.3.186,0,7/20/2016 12:14,7/20/2016 12:16,1,1,,3,96.325,96.325,98.67,1,,,,,,,,18,1,5,,4,5,Immoral,40.24890137,-75.14980316,-1
R_28XNXJNjOMW1BSj,Default Response Set,Anonymous,,,70.208.196.96,0,7/20/2016 12:14,7/20/2016 12:16,1,1,,,,,,,,6,79.275,79.275,81.062,1,,23,1,5,,4,6,Evil,39.75889587,-84.19159698,-1
R_8GudcZNHWGFY0Zr,Default Response Set,Anonymous,,,70.177.132.94,0,7/20/2016 12:15,7/20/2016 12:17,1,1,,,,,,,,6,51.475,51.475,52.173,1,,53,1,5,,7,7,Evil,32.58140564,-83.62860107,-1
R_QaA0Nr4PVdLJohH,Default Response Set,Anonymous,,,73.52.231.59,0,7/20/2016 12:16,7/20/2016 12:17,1,1,,2,51.744,52.309,54.414,2,,,,,,,,26,1,5,,2,5,Immoral,40.54469299,-79.92880249,-1
R_uanGrZ7uyYRTB4J,Default Response Set,Anonymous,,,74.8.119.71,0,7/20/2016 12:16,7/20/2016 12:17,1,1,,,,,,,,4,15.482,16.516,17.798,2,,31,2,5,,6,6,Evil,42.34309387,-71.1230011,-1
R_Y0jDP7mBMPzGSD7,Default Response Set,Anonymous,,,108.16.193.192,0,7/20/2016 12:16,7/20/2016 12:18,1,1,,,,,,,,6,5.199,61.318,64.182,7,,22,1,5,,5,5,Evil,39.97590637,-75.36460114,-1
R_3lYKY4gjzpUMiMP,Default Response Set,Anonymous,,,50.75.183.132,0,7/20/2016 12:17,7/20/2016 12:18,1,1,,,,,,,,5,13.723,14.99,15.881,2,,33,1,5,,6,4,Evil,42.91969299,-78.87789917,-1
R_3fvrcXSR81Hj2mk,Default Response Set,Anonymous,,,76.111.77.40,0,7/20/2016 12:17,7/20/2016 12:18,1,1,,7,49.177,49.177,51.324,1,,,,,,,,30,1,5,,5,8,Immoral,38.67799377,-77.31970215,-1
R_3ISGvFZBR9AI66T,Default Response Set,Anonymous,,,98.118.58.164,0,7/20/2016 12:16,7/20/2016 12:19,1,1,,,,,,,,1,35.63,35.63,36.591,1,,30,1,5,,8,5,Evil,42.53840637,-71.48529816,-1
R_1mQrYepLMhuxLLD,Default Response Set,Anonymous,,,100.13.60.156,0,7/20/2016 12:18,7/20/2016 12:19,1,1,,,,,,,,7,40.979,40.979,42.094,1,,25,2,5,,5,5,Evil,28.0821991,-82.52390289,-1
R_1OZiegdcH0SjYXu,Default Response Set,Anonymous,,,71.59.127.137,0,7/20/2016 12:16,7/20/2016 12:20,1,1,,2,188.998,188.998,200.465,1,,,,,,,,43,2,5,,2,6,Immoral,39.76460266,-74.28780365,-1
R_3FQH6p8VES57Pl5,Default Response Set,Anonymous,,,74.72.128.92,0,7/20/2016 12:19,7/20/2016 12:20,1,1,,,,,,,,7,38.113,38.113,39.41,1,,36,1,2,,2,8,Evil,40.77690125,-73.98130035,-1
R_1QybkEv2zK0DERK,Default Response Set,Anonymous,,,50.183.9.204,0,7/20/2016 12:19,7/20/2016 12:20,1,1,,3,7.074,34.372,36.657,5,,,,,,,,43,2,5,,5,5,Immoral,39.7427063,-105.1186981,-1
R_30ejsWwOFsfkKs5,Default Response Set,Anonymous,,,64.46.26.151,0,7/20/2016 12:19,7/20/2016 12:20,1,1,,,,,,,,7,30.537,30.537,31.081,1,,25,1,5,,5,6,Evil,49.27879333,-123.1138992,-1
R_ZIA3kMMTRiTooMx,Default Response Set,Anonymous,,,136.160.229.201,0,7/20/2016 12:18,7/20/2016 12:21,1,1,,5,2.043,97.486,99.093,2,,,,,,,,29,1,3,,5,6,Immoral,39.08920288,-77.1835022,-1
R_aVJU2MIUXgTcJZ7,Default Response Set,Anonymous,,,50.148.11.81,0,7/20/2016 12:20,7/20/2016 12:21,1,1,,,,,,,,7,28.839,28.839,29.39,1,,21,2,5,,5,9,Evil,40.4763031,-86.95709991,-1
R_33vACgAwrhGmRr2,Default Response Set,Anonymous,,,100.15.154.159,0,7/20/2016 12:19,7/20/2016 12:21,1,1,,1,59.775,59.775,60.906,1,,,,,,,,43,2,5,,2,8,Immoral,39.09669495,-76.87789917,-1
R_2zSm6o1drmom0mH,Default Response Set,Anonymous,,,70.181.34.31,0,7/20/2016 12:21,7/20/2016 12:22,1,1,,7,28.972,36.992,37.869,3,,,,,,,,40,2,5,,4,6,Immoral,41.70500183,-71.46040344,-1
R_3OiaAO9iVMsTjuN,Default Response Set,Anonymous,,,68.102.31.23,0,7/20/2016 12:21,7/20/2016 12:22,1,1,,4,50.614,50.614,52.015,1,,,,,,,,63,1,5,,4,6,Immoral,37.65849304,-97.44190216,-1
R_3ik7rJoaO2Led8c,Default Response Set,Anonymous,,,71.56.230.133,0,7/20/2016 12:21,7/20/2016 12:22,1,1,,,,,,,,7,1.718,12.102,44.181,4,,23,1,5,,4,8,Evil,38.87649536,-104.8287964,-1
R_1irFQFhz1QwHFip,Default Response Set,Anonymous,,,70.102.74.164,0,7/20/2016 12:22,7/20/2016 12:23,1,1,,,,,,,,6,24.46,24.46,28.667,1,,35,1,5,,6,4,Evil,45.5171051,-122.6801987,-1
R_2ZDrGzyajfWZrJD,Default Response Set,Anonymous,,,128.194.176.66,0,7/20/2016 12:22,7/20/2016 12:23,1,1,,,,,,,,6,27.719,27.719,28.245,1,,28,2,5,,5,6,Evil,30.65829468,-96.32379913,-1
R_C8lM9fz9IQ0DSYF,Default Response Set,Anonymous,,,96.255.28.185,0,7/20/2016 12:22,7/20/2016 12:23,1,1,,,,,,,,5,40.645,40.645,41.785,1,,40,1,3,,5,6,Evil,38.9598999,-77.34279633,-1
R_1IR9CRu6ctVWGGd,Default Response Set,Anonymous,,,32.218.140.132,0,7/20/2016 12:22,7/20/2016 12:23,1,1,,7,15.194,15.194,16.008,1,,,,,,,,26,2,5,,4,3,Immoral,41.70370483,-72.66280365,-1
R_3NKject4kf3fi6X,Default Response Set,Anonymous,,,208.81.216.8,0,7/20/2016 12:22,7/20/2016 12:23,1,1,,,,,,,,7,8.698,31.404,33.064,2,,36,1,5,,4,5,Evil,39.19590759,-84.52980042,-1
R_2OJscGVS1dXvDjw,Default Response Set,Anonymous,,,74.65.225.72,0,7/20/2016 12:22,7/20/2016 12:23,1,1,,,,,,,,6,19.761,21.641,22.525,3,,28,1,5,,5,7,Evil,40.77690125,-73.98130035,-1
R_aidxAZZLxhNGiaZ,Default Response Set,Anonymous,,,72.76.119.50,0,7/20/2016 12:22,7/20/2016 12:23,1,1,,2,33.21,33.21,34.199,1,,,,,,,,18,1,5,,2,5,Immoral,40.84829712,-73.97250366,-1
R_1OpCz23NVNdJSKK,Default Response Set,Anonymous,,,74.195.142.81,0,7/20/2016 12:22,7/20/2016 12:23,1,1,,2,44.193,44.193,45.436,1,,,,,,,,21,1,5,,4,7,Immoral,36.07510376,-97.03119659,-1
R_3FKSRpOtj8Ln5m0,Default Response Set,Anonymous,,,12.156.207.130,0,7/20/2016 12:22,7/20/2016 12:23,1,1,,,,,,,,5,23.051,25.251,26.599,2,,28,1,5,,5,5,Evil,38.70309448,-89.87860107,-1
R_1FhzcEeXAK1E38q,Default Response Set,Anonymous,,,68.119.90.238,0,7/20/2016 12:22,7/20/2016 12:23,1,1,,,,,,,,3,36.219,36.219,40.324,1,,22,1,5,,4,7,Evil,32.60049438,-85.58339691,-1
R_somQ0Bdl51diFbz,Default Response Set,Anonymous,,,68.62.107.207,0,7/20/2016 12:22,7/20/2016 12:23,1,1,,6,6.359,24.037,25.504,4,,,,,,,,25,1,5,,2,6,Immoral,42.55870056,-83.00920105,-1
R_yPhF9EdzSVpvBdv,Default Response Set,Anonymous,,,99.62.22.91,0,7/20/2016 12:22,7/20/2016 12:23,1,1,,4,13.545,54.2,54.9,10,,,,,,,,26,2,5,,4,8,Immoral,35.25270081,-80.69290161,-1
R_xr8aVUXv5YOuGGd,Default Response Set,Anonymous,,,64.207.231.2,0,7/20/2016 12:22,7/20/2016 12:23,1,1,,3,1.625,52.394,60.134,4,,,,,,,,39,1,5,,5,5,Immoral,36.19070435,-95.98210144,-1
R_TnqBigEOllSBh0R,Default Response Set,Anonymous,,,45.50.119.183,0,7/20/2016 12:22,7/20/2016 12:23,1,1,,2,51.327,51.778,53.65,2,,,,,,,,18,1,2,,2,8,Immoral,33.75450134,-117.9463959,-1
R_uqpvTgMEdMTOfwR,Default Response Set,Anonymous,,,70.44.79.119,0,7/20/2016 12:22,7/20/2016 12:24,1,1,,,,,,,,7,61.824,61.824,62.583,1,,25,1,5,,4,7,Evil,40.33250427,-75.85590363,-1
R_Q9RXsWHoT33c9sR,Default Response Set,Anonymous,,,162.199.85.46,0,7/20/2016 12:22,7/20/2016 12:24,1,1,,4,37.471,40.794,42.144,2,,,,,,,,53,2,5,,4,5,Immoral,30.24060059,-81.6187973,-1
R_3J8Dgz6rAZA5H76,Default Response Set,Anonymous,,,99.6.255.45,0,7/20/2016 12:23,7/20/2016 12:24,1,1,,5,41.228,45.841,46.753,3,,,,,,,,22,1,3,,4,8,Immoral,34.09049988,-118.1343994,-1
R_1PZ3l1Rr00XE0HP,Default Response Set,Anonymous,,,108.254.181.63,0,7/20/2016 12:22,7/20/2016 12:24,1,1,,,,,,,,6,45.109,46.733,50.19,2,,26,1,5,,3,5,Evil,26.24360657,-80.26560211,-1
R_1SOBLdZk90QjfG1,Default Response Set,Anonymous,,,173.94.178.26,0,7/20/2016 12:23,7/20/2016 12:24,1,1,,,,,,,,6,37.689,37.689,38.612,1,,31,2,5,,6,8,Evil,36.22970581,-79.8710022,-1
R_21pmgeJpk1bgds9,Default Response Set,Anonymous,,,64.121.86.78,0,7/20/2016 12:23,7/20/2016 12:24,1,1,,6,2.053,29.453,29.789,4,,,,,,,,35,1,5,,5,6,Immoral,40.61520386,-75.54370117,-1
R_bs8RbquxYVVSrM5,Default Response Set,Anonymous,,,108.234.158.75,0,7/20/2016 12:23,7/20/2016 12:24,1,1,,3,45.704,45.704,46.752,1,,,,,,,,30,1,5,,5,4,Immoral,41.55830383,-87.66120148,-1
R_1GU4BEeOeu2Pvo1,Default Response Set,Anonymous,,,72.189.98.66,0,7/20/2016 12:23,7/20/2016 12:24,1,1,,5,17.653,41.06,43.161,3,,,,,,,,21,2,2,,2,8,Immoral,28.49130249,-81.40969849,-1
R_TdBJ7H5h9qiCiiZ,Default Response Set,Anonymous,,,156.110.24.142,0,7/20/2016 12:23,7/20/2016 12:24,1,1,,6,28.162,28.162,28.924,1,,,,,,,,23,1,6,White and Hispanic,5,7,Immoral,35.43479919,-97.5223999,-1
R_2xz7A9w5HmhxbpC,Default Response Set,Anonymous,,,216.205.208.82,0,7/20/2016 12:23,7/20/2016 12:24,1,1,,,,,,,,5,41.012,41.012,41.628,1,,25,1,5,,5,4,Evil,37.94439697,-87.66100311,-1
R_vZUKbP07RQKkLS1,Default Response Set,Anonymous,,,100.6.43.107,0,7/20/2016 12:23,7/20/2016 12:24,1,1,,,,,,,,6,35.041,35.041,35.653,1,,32,1,5,,2,7,Evil,40.43449402,-79.8660965,-1
R_1o8eL7G4cAEiVpa,Default Response Set,Anonymous,,,69.136.135.45,0,7/20/2016 12:22,7/20/2016 12:25,1,1,,,,,,,,7,36.357,36.357,45.925,1,,36,2,5,,5,8,Evil,42.52160645,-83.16329956,-1
R_3rG3RsueHiA0Cnv,Default Response Set,Anonymous,,,108.66.166.194,0,7/20/2016 12:23,7/20/2016 12:25,1,1,,,,,,,,2,7.212,94.716,98.153,6,,50,1,5,,3,8,Evil,37.14889526,-93.26139832,-1
R_1FJ7DGUzNHfTn6S,Default Response Set,Anonymous,,,73.42.11.185,0,7/20/2016 12:25,7/20/2016 12:25,1,1,,5,0,0,2.457,0,,,,,,,,24,1,2,,4,6,Immoral,31.15029907,-85.41139984,-1
R_3FRppJHrI6R538c,Default Response Set,Anonymous,,,73.194.58.30,0,7/20/2016 12:25,7/20/2016 12:26,1,1,,,,,,,,1,21.254,21.254,22.001,1,,36,1,5,,5,8,Evil,39.61929321,-75.03179932,-1
R_1hyZLWy9VVKVRLb,Default Response Set,Anonymous,,,64.121.204.74,0,7/20/2016 12:25,7/20/2016 12:26,1,1,,,,,,,,7,42.065,42.065,42.959,1,,33,1,5,,7,5,Evil,40.69099426,-75.27929688,-1
R_3DqJltYf8cXOBgX,Default Response Set,Anonymous,,,204.116.91.16,0,7/20/2016 12:17,7/20/2016 12:26,1,1,,5,2.28,3.98,4.715,3,,,,,,,,29,1,1,,5,4,Immoral,34.69309998,-81.2582016,-1
R_22ogWIZHSutpDgI,Default Response Set,Anonymous,,,129.24.191.120,0,7/20/2016 12:25,7/20/2016 12:26,1,1,,7,30.409,30.409,31.439,1,,,,,,,,34,2,5,,6,6,Immoral,35.04429626,-106.6728973,-1
R_Ry4aLOFw75UUAEN,Default Response Set,Anonymous,,,160.36.162.187,0,7/20/2016 12:25,7/20/2016 12:26,1,1,,,,,,,,1,21.538,21.538,23.181,1,,29,2,5,,5,7,Evil,35.94459534,-84.00589752,-1
R_2E4Wt7zO9EN4AOB,Default Response Set,Anonymous,,,67.232.36.254,0,7/20/2016 12:25,7/20/2016 12:26,1,1,,7,41.529,44.426,45.074,2,,,,,,,,26,1,5,,2,7,Immoral,28.66529846,-81.41880035,-1
R_3CDcE7NJhBLvH37,Default Response Set,Anonymous,,,108.71.176.109,0,7/20/2016 12:24,7/20/2016 12:26,1,1,,7,82.808,82.808,83.771,1,,,,,,,,27,1,5,,4,6,Immoral,32.57020569,-97.13130188,-1
R_1gqNQJMQgKSWT0a,Default Response Set,Anonymous,,,96.58.64.114,0,7/20/2016 12:25,7/20/2016 12:27,1,1,,,,,,,,7,29.108,29.108,29.804,1,,33,1,5,,5,5,Evil,27.81739807,-82.7838974,-1
R_1FFinQx4AfaKsA5,Default Response Set,Anonymous,,,75.146.236.78,0,7/20/2016 12:26,7/20/2016 12:27,1,1,,2,63.733,74.037,74.967,2,,,,,,,,36,1,5,,5,4,Immoral,40.03259277,-75.11579895,-1
R_1r3zISkbuNlpVyK,Default Response Set,Anonymous,,,132.178.160.153,0,7/20/2016 12:27,7/20/2016 12:28,1,1,,,,,,,,5,14.479,16.647,17.335,3,,31,1,5,,7,2,Evil,43.4598999,-116.2440033,-1
R_1pDQzBEUS0NvBiC,Default Response Set,Anonymous,,,12.47.48.228,0,7/20/2016 12:27,7/20/2016 12:28,1,1,,,,,,,,5,24.596,24.596,25.628,1,,27,1,5,,5,4,Evil,37.52600098,-122.3558044,-1
R_2DN77lD9OT1iVyV,Default Response Set,Anonymous,,,108.33.1.24,0,7/20/2016 12:26,7/20/2016 12:28,1,1,,,,,,,,5,16.408,54.664,56.397,3,,27,1,5,,4,9,Evil,27.43930054,-82.52140045,-1
R_3qKBfjubZzQTboJ,Default Response Set,Anonymous,,,170.140.104.23,0,7/20/2016 12:27,7/20/2016 12:28,1,1,,6,47.488,47.488,48.963,1,,,,,,,,25,1,5,,6,5,Immoral,33.79519653,-84.32479858,-1
R_2tsrTnB7nAzrA66,Default Response Set,Anonymous,,,71.170.86.166,0,7/20/2016 12:26,7/20/2016 12:28,1,1,,5,20.315,51.496,52.613,5,,,,,,,,41,2,5,,5,7,Immoral,33.03410339,-96.87049866,-1
R_sO3rtk9pZBOR0rL,Default Response Set,Anonymous,,,75.183.32.5,0,7/20/2016 12:27,7/20/2016 12:28,1,1,,,,,,,,6,31.184,31.184,33.565,1,,34,1,5,,5,7,Evil,36.14599609,-80.32430267,-1
R_O0vwKSIccqtMWT7,Default Response Set,Anonymous,,,165.225.32.81,0,7/20/2016 12:27,7/20/2016 12:28,1,1,,6,51.716,51.716,52.336,1,,,,,,,,32,1,5,,5,5,Immoral,25.78059387,-80.18260193,-1
R_2PuG9q9VNT8zvPt,Default Response Set,Anonymous,,,64.57.252.4,0,7/20/2016 12:27,7/20/2016 12:28,1,1,,6,19.284,19.284,20.2,1,,,,,,,,37,1,5,,5,4,Immoral,34.00909424,-84.00879669,-1
R_eyRJdrneS8bA4q9,Default Response Set,Anonymous,,,76.122.192.36,0,7/20/2016 12:27,7/20/2016 12:28,1,1,,2,40.773,41.458,44.064,2,,,,,,,,37,1,1,,5,6,Immoral,35.88960266,-86.31659698,-1
R_2wFhLSubimAgkIW,Default Response Set,Anonymous,,,99.65.245.34,0,7/20/2016 12:28,7/20/2016 12:28,1,1,,,,,,,,7,16.96,18.936,19.748,2,,23,1,5,,5,8,Evil,33.88180542,-117.850296,-1
R_25G7G2YZNOZ2Gsv,Default Response Set,Anonymous,,,100.35.130.139,0,7/20/2016 12:27,7/20/2016 12:28,1,1,,6,18.845,22.733,23.903,2,,,,,,,,43,1,5,,6,5,Immoral,40.36030579,-74.07279968,-1
R_2WAphyqkKTi81pZ,Default Response Set,Anonymous,,,162.254.168.226,0,7/20/2016 12:27,7/20/2016 12:28,1,1,,,,,,,,7,32.967,84.653,85.387,11,,31,1,5,,5,5,Evil,41.8500061,-87.65000153,-1
R_UnGnYRglUM7WpZ7,Default Response Set,Anonymous,,,161.80.88.94,0,7/20/2016 12:28,7/20/2016 12:29,1,1,,3,33.813,33.813,34.526,1,,,,,,,,39,1,4,,8,7,Immoral,38.93539429,-77.02839661,-1
R_tE6Ta2QC59zscff,Default Response Set,Anonymous,,,4.79.229.69,0,7/20/2016 12:28,7/20/2016 12:29,1,1,,,,,,,,5,27.793,28.257,28.969,2,,29,2,5,,5,7,Evil,38.74049377,-77.56210327,-1
R_3s5kqBDajgLAK9f,Default Response Set,Anonymous,,,71.9.190.207,0,7/20/2016 12:25,7/20/2016 12:29,1,1,,,,,,,,7,142.299,174.521,175.391,33,,38,1,5,,5,7,Evil,35.52059937,-86.07029724,-1
R_0B4S12q4EeNWSNr,Default Response Set,Anonymous,,,24.107.172.195,0,7/20/2016 12:28,7/20/2016 12:29,1,1,,6,27.866,27.866,28.704,1,,,,,,,,23,1,5,,4,5,Immoral,33.94099426,-83.43409729,-1
R_1N2G4CJFNz1VK7V,Default Response Set,Anonymous,,,72.228.42.128,0,7/20/2016 12:28,7/20/2016 12:29,1,1,,,,,,,,7,24.736,24.736,26.545,1,,24,2,5,,5,7,Evil,43.05349731,-73.75170135,-1
R_2uJTJm9QNzU9gM9,Default Response Set,Anonymous,,,173.226.163.50,0,7/20/2016 12:29,7/20/2016 12:30,1,1,,6,26.47,27.238,29.131,2,,,,,,,,41,1,5,,6,4,Immoral,30.38400269,-97.70729828,-1
R_1QslOLof2R0vko5,Default Response Set,Anonymous,,,66.215.69.62,0,7/20/2016 12:29,7/20/2016 12:30,1,1,,6,25.148,25.148,29.48,1,,,,,,,,34,2,3,,8,7,Immoral,34.20050049,-118.1362,-1
R_RVJ8Ax3bVGyvstP,Default Response Set,Anonymous,,,73.77.67.226,0,7/20/2016 12:29,7/20/2016 12:30,1,1,,,,,,,,6,32.335,32.335,35.942,1,,33,1,5,,5,5,Evil,29.57229614,-95.13600159,-1
R_W8oR4lUNkHLUbsd,Default Response Set,Anonymous,,,24.211.51.158,0,7/20/2016 12:29,7/20/2016 12:30,1,1,,,,,,,,6,18.36,36.983,39.712,8,,26,1,5,,4,8,Evil,33.56030273,-79.0440979,-1
R_2zj9hnpZfw8NR11,Default Response Set,Anonymous,,,67.189.47.74,0,7/20/2016 12:30,7/20/2016 12:30,1,1,,,,,,,,7,19.665,20.793,21.45,2,,34,1,5,,4,2,Evil,44.06900024,-123.0825043,-1
R_2uVrLaREPL6bofU,Default Response Set,Anonymous,,,45.47.113.133,0,7/20/2016 12:29,7/20/2016 12:30,1,1,,,,,,,,6,15.467,34.428,35.294,4,,29,2,5,,4,8,Evil,43.21080017,-76.13629913,-1
R_3hFuzFgEo3vr4ou,Default Response Set,Anonymous,,,24.113.54.27,0,7/20/2016 12:29,7/20/2016 12:31,1,1,,4,44.455,44.455,45.646,1,,,,,,,,44,1,5,,4,6,Immoral,47.54589844,-122.5888977,-1
R_2dtqdG3cqlUzupi,Default Response Set,Anonymous,,,71.28.165.188,0,7/20/2016 12:29,7/20/2016 12:31,1,1,,,,,,,,5,5.798,40.245,43.479,3,,35,1,5,,4,7,Evil,34.79820251,-84.90820313,-1
R_e9h2emTHB6xe3vz,Default Response Set,Anonymous,,,73.99.43.50,0,7/20/2016 12:27,7/20/2016 12:31,1,1,,4,1.782,47.773,48.831,9,,,,,,,,29,2,1,,2,1,Immoral,36.61839294,-79.53720093,-1
R_31YFHf9GPbw5TOI,Default Response Set,Anonymous,,,72.197.28.86,0,7/20/2016 12:30,7/20/2016 12:31,1,1,,7,8.326,14.322,16.011,5,,,,,,,,37,1,2,,4,5,Immoral,32.64120483,-116.9859009,-1
R_3HSO3hdhDEre6yc,Default Response Set,Anonymous,,,172.75.203.24,0,7/20/2016 12:30,7/20/2016 12:31,1,1,,6,24.678,29.222,29.671,2,,,,,,,,20,2,5,,4,8,Immoral,33.99000549,-81.10160065,-1
R_1PZQ7HgORxp5TET,Default Response Set,Anonymous,,,107.184.169.232,0,7/20/2016 12:30,7/20/2016 12:31,1,1,,,,,,,,5,22.068,22.068,22.88,1,,28,1,3,,5,4,Evil,33.64860535,-117.9185944,-1
R_AzCUiGKkTaW1znr,Default Response Set,Anonymous,,,68.194.210.95,0,7/20/2016 12:30,7/20/2016 12:31,1,1,,,,,,,,7,22.106,22.106,22.707,1,,28,2,5,,5,5,Evil,40.78199768,-73.47389984,-1
R_dahNB2UhrLdlKxj,Default Response Set,Anonymous,,,68.45.54.30,0,7/20/2016 12:30,7/20/2016 12:31,1,1,,,,,,,,6,11.267,34.717,35.518,4,,23,2,5,,5,7,Evil,39.24989319,-86.45549774,-1
R_2Va3AhUY6l8b8mG,Default Response Set,Anonymous,,,67.205.248.231,0,7/20/2016 12:30,7/20/2016 12:32,1,1,,6,42.009,42.009,43.805,1,,,,,,,,37,1,5,,7,4,Immoral,40.01980591,-75.30460358,-1
R_3nx6wVhlkHSYiOm,Default Response Set,Anonymous,,,24.115.28.115,0,7/20/2016 12:30,7/20/2016 12:32,1,1,,7,46.063,46.063,47.272,1,,,,,,,,27,2,5,,4,10,Immoral,41.10710144,-76.81529999,-1
R_2TtLsjwtoit93Sx,Default Response Set,Anonymous,,,216.14.178.242,0,7/20/2016 12:31,7/20/2016 12:32,1,1,,,,,,,,7,27.41,27.41,27.879,1,,29,2,5,,5,7,Evil,44.82670593,-93.3132019,-1
R_3I5KQ1yCv8HCGIe,Default Response Set,Anonymous,,,68.116.145.162,0,7/20/2016 12:31,7/20/2016 12:32,1,1,,5,36.521,36.521,39.981,1,,,,,,,,27,1,2,,5,8,Immoral,32.74920654,-97.22049713,-1
R_3JfMiCAsVoDvAFS,Default Response Set,Anonymous,,,173.48.227.241,0,7/20/2016 12:31,7/20/2016 12:32,1,1,,,,,,,,6,38.133,38.133,62.673,1,,31,1,5,,4,6,Evil,42.53349304,-71.10359955,-1
R_2v84cRYZpKtBCsX,Default Response Set,Anonymous,,,74.7.11.194,0,7/20/2016 12:31,7/20/2016 12:32,1,1,,7,24.27,55.31,57.138,3,,,,,,,,32,1,3,,5,8,Immoral,33.76939392,-83.38970184,-1
R_2whMbjxA04oOUMx,Default Response Set,Anonymous,,,166.137.12.31,0,7/20/2016 12:32,7/20/2016 12:33,1,1,,7,41.362,41.362,41.896,1,,,,,,,,25,1,5,,4,5,Immoral,39.95230103,-75.1638031,-1
R_2aVVObUnT0t2NGp,Default Response Set,Anonymous,,,107.185.169.70,0,7/20/2016 12:32,7/20/2016 12:33,1,1,,,,,,,,7,43.103,43.103,44.247,1,,25,1,2,,4,6,Evil,33.94729614,-117.7288971,-1
R_32Q3rBMyqlKAZ2y,Default Response Set,Anonymous,,,71.65.115.66,0,7/20/2016 12:32,7/20/2016 12:33,1,1,,3,38.225,38.225,39.245,1,,,,,,,,48,1,5,,2,6,Immoral,39.44450378,-84.36779785,-1
R_24vEGpokHN6QNdy,Default Response Set,Anonymous,,,73.165.187.241,0,7/20/2016 12:32,7/20/2016 12:33,1,1,,,,,,,,7,3.618,6.876,41.568,2,,29,1,5,,4,6,Evil,40.22160339,-75.23799896,-1
R_2sbaWhzQwKfDHFR,Default Response Set,Anonymous,,,220.240.213.190,0,7/20/2016 12:31,7/20/2016 12:33,1,1,,,,,,,,4,47.654,74.316,80.439,2,,39,1,3,,4,10,Evil,-31.95219421,115.8613892,-1
R_a8ETlHmSEfG6B4R,Default Response Set,Anonymous,,,158.145.224.113,0,7/20/2016 12:32,7/20/2016 12:33,1,1,,,,,,,,6,31.931,31.931,32.502,1,,34,2,5,,5,6,Evil,61.2059021,-149.8231964,-1
R_8xqlXYnlEg7Egql,Default Response Set,Anonymous,,,68.5.143.106,0,7/20/2016 12:32,7/20/2016 12:33,1,1,,,,,,,,5,21.817,21.817,29.275,1,,32,2,,,7,7,Evil,33.68969727,-117.8502045,-1
R_1juHSzEOXHy0Y9W,Default Response Set,Anonymous,,,69.147.160.242,0,7/20/2016 12:32,7/20/2016 12:33,1,1,,1,32.733,32.733,33.76,1,,,,,,,,24,1,5,,6,1,Immoral,42.18179321,-71.19619751,-1
R_vTReQYT1thQLQcN,Default Response Set,Anonymous,,,73.81.154.79,0,7/20/2016 12:31,7/20/2016 12:33,1,1,,5,78.18,81.8,82.786,3,,,,,,,,31,2,1,,4,7,Immoral,40.03259277,-75.11579895,-1
R_3Lj9azUmU0fbf7w,Default Response Set,Anonymous,,,24.190.200.20,0,7/20/2016 12:32,7/20/2016 12:33,1,1,,7,49.054,49.054,49.948,1,,,,,,,,34,1,3,,6,4,Immoral,40.6342926,-73.63809967,-1
R_3QWrmoOg8mNQ1hm,Default Response Set,Anonymous,,,208.54.90.139,0,7/20/2016 12:33,7/20/2016 12:33,1,1,,,,,,,,7,32.739,32.739,33.232,1,,37,2,5,,2,5,Evil,37.75100708,-97.8219986,-1
R_3Ms79g1Wm4AB02P,Default Response Set,Anonymous,,,68.227.104.156,0,7/20/2016 12:31,7/20/2016 12:34,1,1,,,,,,,,7,77.574,77.574,78.38,1,,45,2,5,,5,4,Evil,35.61639404,-97.63690186,-1
R_3DcZn6PBjD70hSY,Default Response Set,Anonymous,,,73.41.247.112,0,7/20/2016 12:31,7/20/2016 12:34,1,1,,6,27.549,153.061,153.825,67,,,,,,,,23,2,3,,5,5,Immoral,37.62010193,-121.4590988,-1
R_2PBd0VEO6hbFR0P,Default Response Set,Anonymous,,,72.160.129.81,0,7/20/2016 12:32,7/20/2016 12:34,1,1,,,,,,,,7,2.85,102.08,102.699,10,,30,1,5,,4,8,Evil,38.83039856,-86.99849701,-1
R_3qQm2bVhWsWub9s,Default Response Set,Anonymous,,,47.222.110.86,0,7/20/2016 12:33,7/20/2016 12:34,1,1,,7,44.367,44.367,45.231,1,,,,,,,,33,1,5,,5,8,Immoral,32.71940613,-96.61250305,-1
R_3feEK0KH9pqtidX,Default Response Set,Anonymous,,,50.49.30.140,0,7/20/2016 12:33,7/20/2016 12:34,1,1,,6,58.446,58.446,60.207,1,,,,,,,,25,2,5,,5,8,Immoral,43.17300415,-77.71379852,-1
R_3D0mEuA28f2UJt1,Default Response Set,Anonymous,,,208.185.148.194,0,7/20/2016 12:34,7/20/2016 12:34,1,1,,,,,,,,5,18.375,20.406,21.431,4,,23,1,3,,4,6,Evil,39.95239258,-75.16529846,-1
R_1IXistKbT2kWsvz,Default Response Set,Anonymous,,,108.235.134.249,0,7/20/2016 12:34,7/20/2016 12:36,1,1,,6,51.548,51.548,52.331,1,,,,,,,,33,2,5,,4,7,Immoral,39.61819458,-84.24880219,-1
R_1cYb98fUP0cAyOC,Default Response Set,Anonymous,,,99.8.45.204,0,7/20/2016 12:34,7/20/2016 12:36,1,1,,,,,,,,7,63.275,63.275,63.988,1,,43,2,5,,2,8,Evil,29.83210754,-95.73459625,-1
R_2wjAGzQyoLAp8wd,Default Response Set,Anonymous,,,208.115.149.148,0,7/20/2016 12:34,7/20/2016 12:36,1,1,,7,43.36,43.36,45.472,1,,,,,,,,33,2,5,,5,6,Immoral,33.05810547,-112.0475998,-1
R_3maS0r2eV7yNEDN,Default Response Set,Anonymous,,,174.75.97.69,0,7/20/2016 12:33,7/20/2016 12:36,1,1,,,,,,,,7,33.458,75.948,76.948,2,,24,1,1,,5,8,Evil,30.35490417,-91.07679749,-1
R_3094DVwZVSgPdHs,Default Response Set,Anonymous,,,73.143.58.94,0,7/20/2016 12:35,7/20/2016 12:36,1,1,,7,4.362,52.874,54.941,2,,,,,,,,19,1,3,,4,7,Immoral,41.418396,-72.90730286,-1
R_PGPOZALvVVpKcCJ,Default Response Set,Anonymous,,,104.175.227.33,0,7/20/2016 12:35,7/20/2016 12:36,1,1,,4,21.587,21.587,23.324,1,,,,,,,,30,1,5,,4,5,Immoral,34.00239563,-117.9757004,-1
R_1Os0h52Ha8T6eoZ,Default Response Set,Anonymous,,,198.209.225.230,0,7/20/2016 12:32,7/20/2016 12:36,1,1,,7,227.861,227.861,228.454,1,,,,,,,,27,2,6,Mixed Race,4,6,Immoral,38.88169861,-92.40200043,-1
R_1LuOwjylx1UseSG,Default Response Set,Anonymous,,,173.15.46.193,0,7/20/2016 12:35,7/20/2016 12:36,1,1,,,,,,,,1,4.134,69.929,70.626,5,,36,2,2,,2,6,Evil,41.47929382,-87.31639862,-1
R_1dLgyOxRjWeD1cX,Default Response Set,Anonymous,,,173.234.226.196,0,7/20/2016 12:35,7/20/2016 12:36,1,1,,,,,,,,5,24.153,42.521,42.901,7,,34,1,5,,5,5,Evil,29.92140198,-95.60939789,-1
R_z9mQVmWgqkdLGSZ,Default Response Set,Anonymous,,,131.123.1.226,0,7/20/2016 12:38,7/20/2016 12:39,1,1,,,,,,,,6,23.663,31.968,34.305,2,,32,2,5,,6,5,Evil,41.15370178,-81.35790253,-1
R_2qn3v3fdV3UTQO6,Default Response Set,Anonymous,,,173.64.54.132,0,7/20/2016 12:38,7/20/2016 12:40,1,1,,7,25.314,52.384,53.855,4,,,,,,,,25,1,5,,5,8,Immoral,42.90820313,-78.81890106,-1
R_781lzKawrYzZURj,Default Response Set,Anonymous,,,108.52.163.239,0,7/20/2016 12:38,7/20/2016 12:40,1,1,,,,,,,,6,27.308,27.308,28.186,1,,22,2,5,,6,5,Evil,39.97520447,-75.31220245,-1
R_2wHXh9PXFkWC4pX,Default Response Set,Anonymous,,,71.145.198.107,0,7/20/2016 12:39,7/20/2016 12:41,1,1,,5,40.699,40.699,42.485,1,,,,,,,,52,1,5,,,4,Immoral,36.83999634,-119.8284988,-1
R_3kq70s2Sy6gL7ue,Default Response Set,Anonymous,,,107.2.4.156,0,7/20/2016 12:14,7/20/2016 12:41,1,1,,6,1317.323,1362.831,1370.271,6,,,,,,,,32,1,3,,6,4,Immoral,32.3368988,-111.0502014,-1
R_2wvEeeialIgIMvt,Default Response Set,Anonymous,,,50.207.98.178,0,7/20/2016 12:41,7/20/2016 12:41,1,1,,,,,,,,4,1.039,1.039,1.566,1,,29,1,5,,5,4,Evil,37.84880066,-122.5348969,-1
R_7PuflAELBk6MYtX,Default Response Set,Anonymous,,,71.170.86.152,0,7/20/2016 12:39,7/20/2016 12:42,1,1,,7,8.617,166.37,167.011,10,,,,,,,,34,1,1,,5,8,Immoral,33.03410339,-96.87049866,-1
R_zcncYWuZ7SIEQ6d,Default Response Set,Anonymous,,,68.42.168.90,0,7/20/2016 12:41,7/20/2016 12:42,1,1,,,,,,,,6,32.146,48.148,48.487,6,,27,1,5,,5,2,Evil,42.38380432,-82.92350006,-1
R_6u3fWtDTdAriPBL,Default Response Set,Anonymous,,,198.233.100.3,0,7/20/2016 12:41,7/20/2016 12:42,1,1,,7,37.848,37.848,38.69,1,,,,,,,,28,1,3,,5,4,Immoral,44.85800171,-93.55879974,-1
R_zVhhah7K6SnTsid,Default Response Set,Anonymous,,,174.59.229.106,0,7/20/2016 12:41,7/20/2016 12:43,1,1,,7,52.286,52.286,54.295,1,,,,,,,,25,1,5,,4,8,Immoral,40.01119995,-76.25140381,-1
R_bj8bSNzFsbIEQ7L,Default Response Set,Anonymous,,,140.198.103.91,0,7/20/2016 12:36,7/20/2016 12:43,1,1,,6,34.653,34.653,35.303,1,,,,,,,,31,1,1,,5,4,Immoral,33.43569946,-111.917099,-1
R_7aprF2OPTT2Usxz,Default Response Set,Anonymous,,,184.101.142.175,0,7/20/2016 12:29,7/20/2016 12:45,1,1,,,,,,,,7,119.27,120.734,124.949,2,,26,1,5,,4,9,Evil,33.49119568,-111.9236984,-1
R_1FlK0tmWU5xjfqc,Default Response Set,Anonymous,,,73.242.45.10,0,7/20/2016 12:44,7/20/2016 12:45,1,1,,,,,,,,7,30.599,30.599,31.481,1,,29,2,5,,2,8,Evil,44.94639587,-93.05149841,-1
R_237B9GEIMEeeHRn,Default Response Set,Anonymous,,,45.50.47.184,0,7/20/2016 12:46,7/20/2016 12:47,1,1,,5,6.219,7.296,7.864,3,,,,,,,,31,2,1,,5,6,Immoral,33.87780762,-117.5344009,-1
R_1IgZOIbzxNdFaoN,Default Response Set,Anonymous,,,74.119.60.80,0,7/20/2016 12:47,7/20/2016 12:47,1,1,,,,,,,,7,1.919,26.428,27.668,9,,28,1,3,,6,7,Evil,39.08920288,-77.1835022,-1
R_Xpw2hc135kSRm49,Default Response Set,Anonymous,,,162.234.204.230,0,7/20/2016 12:35,7/20/2016 12:48,1,1,,,,,,,,7,292.487,559.959,560.87,4,,30,2,6,Black and White,5,5,Evil,33.72709656,-84.57849884,-1
R_24DcSSnRIAH6XQ5,Default Response Set,Anonymous,,,68.205.115.20,0,7/20/2016 12:46,7/20/2016 12:49,1,1,,5,185.632,186.194,186.638,2,,,,,,,,27,1,5,,5,8,Immoral,28.67660522,-81.19909668,-1
R_3s1DHpDzFZqp0nb,Default Response Set,Anonymous,,,67.158.144.130,0,7/20/2016 12:49,7/20/2016 12:50,1,1,,4,36.111,37.432,38.788,2,,,,,,,,23,1,5,,2,9,Immoral,30.41340637,-85.06780243,-1
R_1eJEqGYFR0camNv,Default Response Set,Anonymous,,,98.14.22.169,0,7/20/2016 12:50,7/20/2016 12:51,1,1,,7,42.583,42.583,43.653,1,,,,,,,,29,1,,,4,9,Immoral,40.75909424,-73.7358017,-1
R_0pMvBAmZ9WLoytj,Default Response Set,Anonymous,,,70.127.51.229,0,7/20/2016 12:49,7/20/2016 12:51,1,1,,,,,,,,6,99.521,135.216,135.999,2,,19,1,2,,2,5,Evil,28.14790344,-82.03990173,-1
R_bkFg1yxe6wveFfb,Default Response Set,Anonymous,,,71.60.38.231,0,7/20/2016 12:51,7/20/2016 12:51,1,1,,6,30.632,30.632,32.334,1,,,,,,,,26,2,5,,4,8,Immoral,40.28370667,-79.38210297,-1
R_T71xx6vnRVN4g6d,Default Response Set,Anonymous,,,68.43.172.179,0,7/20/2016 12:20,7/20/2016 12:52,1,1,,,,,,,,6,15.44,42.729,43.74,2,,20,1,5,,4,5,Evil,42.66560364,-86.17420197,-1
R_ZvNl2Kzu08V2lah,Default Response Set,Anonymous,,,96.229.203.145,0,7/20/2016 12:51,7/20/2016 12:52,1,1,,,,,,,,5,10.079,15.705,16.281,3,,28,1,5,,5,8,Evil,33.8742981,-118.3721008,-1
R_3qIiNgFsJdkyymz,Default Response Set,Anonymous,,,24.97.173.3,0,7/20/2016 12:52,7/20/2016 12:53,1,1,,,,,,,,5,30.005,30.005,30.67,1,,37,1,5,,5,6,Evil,42.73010254,-73.70120239,-1
R_1LOl84sbu0VFWWw,Default Response Set,Anonymous,,,68.224.194.90,0,7/20/2016 12:52,7/20/2016 12:53,1,1,,4,1.626,3.274,4.615,2,,,,,,,,22,1,3,,6,3,Immoral,41.68559265,-72.73120117,-1
R_1BV26tlG2HeHTaW,Default Response Set,Anonymous,,,98.144.251.73,0,7/20/2016 12:52,7/20/2016 12:53,1,1,,6,26.282,45.479,46.365,6,,,,,,,,34,1,5,,6,9,Immoral,42.88630676,-87.88829803,-1
R_3RgUt5W4enTQCw7,Default Response Set,Anonymous,,,174.108.12.242,0,7/20/2016 12:53,7/20/2016 12:54,1,1,,,,,,,,7,50.161,50.161,50.772,1,,22,1,2,,2,10,Evil,35.4197998,-80.67479706,-1
R_ac1VJmbbd3hOlBD,Default Response Set,Anonymous,,,47.32.66.120,0,7/20/2016 12:37,7/20/2016 12:55,1,1,,,,,,,,6,1034.521,1034.521,1047.022,1,,35,2,1,,4,8,Evil,32.86070251,-84.90509796,-1
R_3EFmTZp0p50m0tb,Default Response Set,Anonymous,,,70.113.52.220,0,7/20/2016 12:40,7/20/2016 12:55,1,1,,6,887.34,887.34,889.548,1,,,,,,,,25,2,2,,4,6,Immoral,30.45489502,-97.75650024,-1
R_ZkvAJgwvqCb1EfD,Default Response Set,Anonymous,,,76.97.2.248,0,7/20/2016 12:56,7/20/2016 12:58,1,1,,6,47.313,54.211,56.328,4,,,,,,,,20,1,4,,4,5,Immoral,34.08790588,-83.93720245,-1
R_2dHeofq3GRw0TqT,Default Response Set,Anonymous,,,68.105.156.71,0,7/20/2016 12:58,7/20/2016 12:59,1,1,,,,,,,,7,21.892,21.892,22.34,1,,28,1,5,,4,9,Evil,30.1882019,-91.32409668,-1
R_3P4EGFPFpGTCki0,Default Response Set,Anonymous,,,67.50.195.170,0,7/20/2016 12:58,7/20/2016 12:59,1,1,,6,25.043,25.043,25.491,1,,,,,,,,19,2,3,,4,3,Immoral,47.63549805,-122.3235016,-1
R_9z9tIqk1rd6cHND,Default Response Set,Anonymous,,,73.214.243.173,0,7/20/2016 13:00,7/20/2016 13:00,1,1,,,,,,,,7,2.234,23.801,24.909,3,,34,1,5,,2,8,Evil,40.33560181,-79.55069733,-1
R_3qEgvE7BTqIzRvA,Default Response Set,Anonymous,,,98.243.16.39,0,7/20/2016 13:02,7/20/2016 13:03,1,1,,,,,,,,2,22.926,22.926,29.057,1,,30,2,1,,4,5,Evil,42.28559875,-83.4858017,-1
R_3NPsNCfFQuyMsym,Default Response Set,Anonymous,,,38.72.131.87,0,7/20/2016 12:21,7/20/2016 13:03,1,1,,6,32.859,32.859,36.996,1,,,,,,,,38,1,5,,4,5,Immoral,47.60620117,-122.3320999,-1
R_3nUbVmUyHK5rOdD,Default Response Set,Anonymous,,,64.183.53.106,0,7/20/2016 13:06,7/20/2016 13:08,1,1,,2,49.142,49.142,50.03,1,,,,,,,,47,1,2,,5,3,Immoral,34.02659607,-118.2830963,-1
R_12isbc0QttH7XQq,Default Response Set,Anonymous,,,76.116.98.85,0,7/20/2016 13:08,7/20/2016 13:09,1,1,,7,42.559,42.559,43.155,1,,,,,,,,20,1,3,,4,7,Immoral,39.38699341,-74.62169647,-1
R_2wawcxgadU6lLLc,Default Response Set,Anonymous,,,24.238.113.39,0,7/20/2016 13:07,7/20/2016 13:09,1,1,,,,,,,,7,50.054,50.054,51.868,1,,24,2,1,,4,7,Evil,39.95970154,-75.19680023,-1
R_21EP5oecRZwTDRa,Default Response Set,Anonymous,,,173.65.111.184,0,7/20/2016 13:11,7/20/2016 13:15,1,1,,6,126.229,176.045,184.184,3,,,,,,,,31,1,5,,5,6,Immoral,27.86610413,-82.32649994,-1
R_yIsE5R7Lff4LOi5,Default Response Set,Anonymous,,,64.53.212.253,0,7/20/2016 13:15,7/20/2016 13:16,1,1,,,,,,,,7,34.737,34.737,35.766,1,,37,2,5,,5,7,Evil,42.11300659,-87.98069763,-1
R_pKONRDDW4dJbeSJ,Default Response Set,Anonymous,,,24.0.226.82,0,7/20/2016 13:18,7/20/2016 13:18,1,1,,,,,,,,6,22.405,22.989,24.143,2,,33,2,5,,4,7,Evil,39.9526062,-74.99240112,-1
R_1EYT6OBs4xBs1JW,Default Response Set,Anonymous,,,104.228.143.186,0,7/20/2016 13:18,7/20/2016 13:19,1,1,,6,0,0,23.604,0,,,,,,,,27,1,5,,4,7,Immoral,42.92640686,-78.74790192,-1
R_4Z6AS1dU2mhF7Ut,Default Response Set,Anonymous,,,174.131.99.46,0,7/20/2016 13:17,7/20/2016 13:19,1,1,,5,36.749,36.749,39.298,1,,,,,,,,35,2,3,,8,5,Immoral,34.09640503,-83.5739975,-1
R_27e4DCUpLPxwVfM,Default Response Set,Anonymous,,,156.40.252.1,0,7/20/2016 13:18,7/20/2016 13:19,1,1,,6,30.632,34.571,35.102,3,,,,,,,,30,1,5,,7,5,Immoral,39.00320435,-77.16020203,-1
R_1pDyQxIPUwpVG7B,Default Response Set,Anonymous,,,24.107.18.126,0,7/20/2016 13:18,7/20/2016 13:20,1,1,,,,,,,,7,4.793,35.261,40.603,12,,36,1,5,,5,6,Evil,38.67840576,-90.3769989,-1
R_3EHgkXqhpV6jhdm,Default Response Set,Anonymous,,,104.34.83.206,0,7/20/2016 12:25,7/20/2016 13:20,1,1,,,,,,,,7,89.036,89.036,89.563,1,,35,1,5,,5,8,Evil,34.15530396,-118.5475998,-1
R_81y0EwqNrotGyNH,Default Response Set,Anonymous,,,99.44.168.220,0,7/20/2016 13:20,7/20/2016 13:21,1,1,,6,31.037,31.037,32.358,1,,,,,,,,30,1,3,,8,6,Immoral,37.66239929,-121.8746948,-1
R_2BsSjphBpqebyND,Default Response Set,Anonymous,,,24.28.6.248,0,7/20/2016 13:17,7/20/2016 13:22,1,1,,,,,,,,7,210.526,210.526,211.848,1,,37,2,1,,4,10,Evil,30.49980164,-97.80819702,-1
R_216rLF9kx2kQj6k,Default Response Set,Anonymous,,,65.131.44.127,0,7/20/2016 13:20,7/20/2016 13:22,1,1,,,,,,,,2,3.215,62.972,65.356,4,,21,1,5,,2,7,Evil,43.08389282,-106.3975983,-1
R_O6YFHfHYWLl7i9z,Default Response Set,Anonymous,,,24.230.85.143,0,7/20/2016 13:22,7/20/2016 13:23,1,1,,2,48.492,48.492,48.976,1,,,,,,,,25,1,5,,4,8,Immoral,43.50419617,-96.8391037,-1
R_1oBEJ2b9LgdP2aS,Default Response Set,Anonymous,,,108.89.29.104,0,7/20/2016 13:24,7/20/2016 13:25,1,1,,7,1.141,34.834,35.345,2,,,,,,,,18,1,3,,2,5,Immoral,34.43080139,-118.4645004,-1
R_To8TEV1E89KCsq5,Default Response Set,Anonymous,,,68.113.34.51,0,7/20/2016 13:29,7/20/2016 13:29,1,1,,,,,,,,7,17.304,17.304,18.165,1,,26,1,5,,4,7,Evil,44.92300415,-123.3435974,-1
R_UEcfPB1TSIhJi7L,Default Response Set,Anonymous,,,24.107.108.25,0,7/20/2016 13:33,7/20/2016 13:34,1,1,,,,,,,,4,48.242,48.242,50.065,1,,50,2,5,,5,7,Evil,38.66569519,-90.32309723,-1
R_6ukZboDOuJv40zD,Default Response Set,Anonymous,,,63.87.61.50,0,7/20/2016 13:35,7/20/2016 13:36,1,1,,6,27.151,27.151,28.269,1,,,,,,,,22,1,5,,4,5,Immoral,39.35220337,-84.29940033,-1
R_2f0XUtdL6reXUHM,Default Response Set,Anonymous,,,70.61.96.86,0,7/20/2016 13:38,7/20/2016 13:39,1,1,,,,,,,,1,19.734,19.993,20.988,2,,26,1,1,,5,4,Evil,35.25190735,-80.82109833,-1
R_WBg949XaL6gHPAB,Default Response Set,Anonymous,,,71.225.213.1,0,7/20/2016 13:33,7/20/2016 13:44,1,1,,6,584.805,624.471,625.253,4,,,,,,,,27,2,5,,4,7,Immoral,40.04910278,-75.22810364,-1
R_1M5JCWnWFjQzhT8,Default Response Set,Anonymous,,,67.162.167.208,0,7/20/2016 13:44,7/20/2016 13:45,1,1,,,,,,,,6,38.841,39.245,39.717,2,,32,2,5,,5,5,Evil,28.76199341,-81.62999725,-1
R_2zjSBtBdLd0UjHF,Default Response Set,Anonymous,,,97.103.101.40,0,7/20/2016 13:46,7/20/2016 13:47,1,1,,6,24.265,24.265,25.812,1,,,,,,,,29,2,5,,5,5,Immoral,28.32600403,-81.3513031,-1
R_2A0auioRvs26oXP,Default Response Set,Anonymous,,,198.89.117.156,0,7/20/2016 13:48,7/20/2016 13:49,1,1,,,,,,,,6,57.368,57.368,57.997,1,,22,1,5,,5,5,Evil,37.33869934,-121.8914032,-1
R_6X5TCStktTHi5vX,Default Response Set,Anonymous,,,107.2.109.249,0,7/20/2016 13:50,7/20/2016 13:51,1,1,,6,30.989,34.458,35.668,2,,,,,,,,23,2,3,,3,5,Immoral,45.12640381,-93.45950317,-1
R_z5WG8up0HX7ADRL,Default Response Set,Anonymous,,,201.218.40.198,0,7/20/2016 13:56,7/20/2016 13:57,1,1,,,,,,,,7,6.93,72.607,73.71,4,,27,2,5,,5,6,Evil,-1.050003052,-80.44999695,-1
R_rjXpCqcQ7vR3U5z,Default Response Set,Anonymous,,,76.93.129.120,0,7/20/2016 14:15,7/20/2016 14:16,1,1,,7,30.603,30.603,31.134,1,,,,,,,,22,2,2,,5,5,Immoral,32.80729675,-117.1324005,-1
R_11iH6XEoPRptmFJ,Default Response Set,Anonymous,,,73.53.100.228,0,7/20/2016 15:12,7/20/2016 15:13,1,1,,,,,,,,6,21.102,22.367,23.072,3,,25,1,5,,5,5,Evil,47.2875061,-122.1094055,-1
R_yHBMuw8UTjDRSyl,Default Response Set,Anonymous,,,68.101.106.59,0,7/20/2016 15:16,7/20/2016 15:17,1,1,,6,48.37,49.155,49.791,2,,,,,,,,31,1,5,,4,8,Immoral,33.55580139,-117.7857971,-1
